timestamp,min1,max1,min2,max2,
8820000000,1.23519821572513,1.54795541737123,0.242507922283698,0.571726029279583,
8830000000,1.25165912107493,1.56441632272102,0.242507922283698,0.571726029279583,
8840000000,1.25165912107493,1.56441632272102,0.40711697578164,0.736335082777525,
8850000000,1.25165912107493,1.56441632272102,0.571726029279583,0.900944136275467,
8860000000,1.25165912107493,1.56441632272102,0.736335082777525,1.06555318977341,
8870000000,1.25165912107493,1.56441632272102,0.736335082777525,1.06555318977341,
8880000000,1.26812002642472,1.58087722807081,0.900944136275467,1.23016224327135,
8890000000,1.26812002642472,1.58087722807081,1.06555318977341,1.39477129676929,
8900000000,1.26812002642472,1.58087722807081,1.06555318977341,1.39477129676929,
8910000000,1.28458093177452,1.59733813342061,1.23016224327135,1.39477129676929,
8920000000,1.28458093177452,1.59733813342061,1.23016224327135,1.55938035026724,
8930000000,1.30104183712431,1.6137990387704,1.23016224327135,1.55938035026724,
8940000000,1.31750274247411,1.6302599441202,1.23016224327135,1.55938035026724,
8950000000,1.31750274247411,1.64672084946999,1.39477129676929,1.55938035026724,
8960000000,1.3339636478239,1.64672084946999,1.39477129676929,1.55938035026724,
8970000000,1.3339636478239,1.64672084946999,1.39477129676929,1.55938035026724,
8980000000,1.35042455317369,1.66318175481979,1.23016224327135,1.55938035026724,
8990000000,1.36688545852349,1.66318175481979,1.23016224327135,1.55938035026724,
9000000000,1.36688545852349,1.67964266016958,1.23016224327135,1.55938035026724,
9010000000,1.36688545852349,1.67964266016958,1.06555318977341,1.39477129676929,
9020000000,1.36688545852349,1.67964266016958,1.06555318977341,1.39477129676929,
9030000000,1.36688545852349,1.67964266016958,0.900944136275467,1.23016224327135,
9040000000,1.36688545852349,1.66318175481979,0.900944136275467,1.23016224327135,
9050000000,1.35042455317369,1.66318175481979,0.736335082777525,1.06555318977341,
9060000000,1.35042455317369,1.64672084946999,0.571726029279583,0.900944136275467,
9070000000,1.35042455317369,1.64672084946999,0.40711697578164,0.900944136275467,
9080000000,1.3339636478239,1.64672084946999,0.40711697578164,0.736335082777525,
9090000000,1.3339636478239,1.64672084946999,0.242507922283698,0.571726029279583,
9100000000,1.3339636478239,1.64672084946999,0.0778988687857556,0.40711697578164,
9110000000,1.3339636478239,1.64672084946999,-0.0867101847121869,0.242507922283698,
9120000000,1.3339636478239,1.6302599441202,-0.251319238210129,0.242507922283698,
9130000000,1.31750274247411,1.64672084946999,-0.415928291708072,0.0778988687857556,
9140000000,1.31750274247411,1.6137990387704,-0.580537345206014,-0.0867101847121869,
9150000000,1.31750274247411,1.6137990387704,-0.745146398703957,-0.251319238210129,
9160000000,1.30104183712431,1.6137990387704,-0.745146398703957,-0.415928291708072,
9170000000,1.31750274247411,1.6137990387704,-0.909755452201899,-0.580537345206014,
9180000000,1.30104183712431,1.6137990387704,-1.07436450569984,-0.745146398703957,
9190000000,1.30104183712431,1.6137990387704,-1.23897355919778,-0.745146398703957,
9200000000,1.30104183712431,1.6137990387704,-1.23897355919778,-0.909755452201899,
9210000000,1.28458093177452,1.6137990387704,-1.40358261269573,-0.909755452201899,
9220000000,1.28458093177452,1.59733813342061,-1.40358261269573,-1.07436450569984,
9230000000,1.28458093177452,1.59733813342061,-1.56819166619367,-1.07436450569984,
9240000000,1.28458093177452,1.59733813342061,-1.56819166619367,-1.23897355919778,
9250000000,1.28458093177452,1.59733813342061,-1.56819166619367,-1.23897355919778,
9260000000,1.26812002642472,1.58087722807081,-1.56819166619367,-1.23897355919778,
9270000000,1.26812002642472,1.58087722807081,-1.56819166619367,-1.23897355919778,
9280000000,1.26812002642472,1.58087722807081,-1.56819166619367,-1.40358261269573,
9290000000,1.26812002642472,1.58087722807081,-1.56819166619367,-1.23897355919778,
9300000000,1.25165912107493,1.56441632272102,-1.56819166619367,-1.23897355919778,
9310000000,1.25165912107493,1.56441632272102,-1.56819166619367,-1.23897355919778,
9320000000,1.25165912107493,1.56441632272102,-1.56819166619367,-1.23897355919778,
9330000000,1.25165912107493,1.56441632272102,-1.40358261269573,-1.07436450569984,
9340000000,1.23519821572513,1.54795541737123,-1.40358261269573,-1.07436450569984,
9350000000,1.23519821572513,1.54795541737123,-1.23897355919778,-0.909755452201899,
9360000000,1.23519821572513,1.54795541737123,-1.23897355919778,-0.909755452201899,
9370000000,1.23519821572513,1.54795541737123,-1.07436450569984,-0.745146398703957,
9380000000,1.23519821572513,1.54795541737123,-1.07436450569984,-0.580537345206014,
9390000000,1.23519821572513,1.53149451202143,-0.909755452201899,-0.415928291708072,
9400000000,1.21873731037534,1.53149451202143,-0.745146398703957,-0.415928291708072,
9410000000,1.23519821572513,1.54795541737123,-0.580537345206014,-0.251319238210129,
9420000000,1.23519821572513,1.54795541737123,-0.415928291708072,-0.0867101847121869,
9430000000,1.23519821572513,1.54795541737123,-0.251319238210129,0.0778988687857556,
9440000000,1.23519821572513,1.54795541737123,-0.0867101847121869,0.242507922283698,
9450000000,1.23519821572513,1.54795541737123,-0.0867101847121869,0.40711697578164,
9460000000,1.23519821572513,1.54795541737123,0.0778988687857556,0.571726029279583,
9470000000,1.23519821572513,1.54795541737123,0.242507922283698,0.571726029279583,
9480000000,1.23519821572513,1.54795541737123,0.40711697578164,0.736335082777525,
9490000000,1.23519821572513,1.54795541737123,0.571726029279583,0.900944136275467,
9500000000,1.23519821572513,1.54795541737123,0.571726029279583,1.06555318977341,
9510000000,1.23519821572513,1.54795541737123,0.736335082777525,1.06555318977341,
9520000000,1.23519821572513,1.54795541737123,0.900944136275467,1.23016224327135,
9530000000,1.25165912107493,1.56441632272102,0.900944136275467,1.23016224327135,
9540000000,1.25165912107493,1.56441632272102,1.06555318977341,1.39477129676929,
9550000000,1.25165912107493,1.58087722807081,1.23016224327135,1.39477129676929,
9560000000,1.26812002642472,1.58087722807081,1.23016224327135,1.55938035026724,
9570000000,1.26812002642472,1.58087722807081,1.23016224327135,1.55938035026724,
9580000000,1.28458093177452,1.59733813342061,1.23016224327135,1.55938035026724,
9590000000,1.30104183712431,1.6137990387704,1.39477129676929,1.55938035026724,
9600000000,1.30104183712431,1.6302599441202,1.39477129676929,1.55938035026724,
9610000000,1.31750274247411,1.64672084946999,1.39477129676929,1.55938035026724,
9620000000,1.3339636478239,1.6302599441202,1.23016224327135,1.55938035026724,
9630000000,1.3339636478239,1.66318175481979,1.23016224327135,1.55938035026724,
9640000000,1.35042455317369,1.66318175481979,1.23016224327135,1.55938035026724,
9650000000,1.35042455317369,1.66318175481979,1.06555318977341,1.39477129676929,
9660000000,1.35042455317369,1.66318175481979,1.06555318977341,1.39477129676929,
9670000000,1.35042455317369,1.64672084946999,0.900944136275467,1.23016224327135,
9680000000,1.35042455317369,1.64672084946999,0.900944136275467,1.23016224327135,
9690000000,1.3339636478239,1.64672084946999,0.736335082777525,1.06555318977341,
9700000000,1.3339636478239,1.64672084946999,0.571726029279583,0.900944136275467,
9710000000,1.3339636478239,1.64672084946999,0.571726029279583,0.900944136275467,
9720000000,1.3339636478239,1.6302599441202,0.40711697578164,0.736335082777525,
9730000000,1.31750274247411,1.6302599441202,0.242507922283698,0.571726029279583,
9740000000,1.31750274247411,1.6302599441202,0.0778988687857556,0.40711697578164,
9750000000,1.31750274247411,1.6302599441202,-0.0867101847121869,0.40711697578164,
9760000000,1.30104183712431,1.6137990387704,-0.251319238210129,0.242507922283698,
9770000000,1.31750274247411,1.6137990387704,-0.415928291708072,0.0778988687857556,
9780000000,1.30104183712431,1.6137990387704,-0.580537345206014,-0.0867101847121869,
9790000000,1.30104183712431,1.6137990387704,-0.580537345206014,-0.251319238210129,
9800000000,1.30104183712431,1.6137990387704,-0.745146398703957,-0.415928291708072,
9810000000,1.28458093177452,1.59733813342061,-0.909755452201899,-0.580537345206014,
9820000000,1.30104183712431,1.59733813342061,-1.07436450569984,-0.745146398703957,
9830000000,1.28458093177452,1.59733813342061,-1.07436450569984,-0.745146398703957,
9840000000,1.28458093177452,1.59733813342061,-1.23897355919778,-0.909755452201899,
9850000000,1.28458093177452,1.59733813342061,-1.40358261269573,-1.07436450569984,
9860000000,1.26812002642472,1.58087722807081,-1.40358261269573,-1.07436450569984,
9870000000,1.26812002642472,1.58087722807081,-1.56819166619367,-1.07436450569984,
9880000000,1.26812002642472,1.58087722807081,-1.56819166619367,-1.23897355919778,
9890000000,1.26812002642472,1.56441632272102,-1.56819166619367,-1.23897355919778,
9900000000,1.26812002642472,1.56441632272102,-1.56819166619367,-1.23897355919778,
9910000000,1.25165912107493,1.56441632272102,-1.56819166619367,-1.23897355919778,
9920000000,1.25165912107493,1.56441632272102,-1.56819166619367,-1.23897355919778,
9930000000,1.25165912107493,1.56441632272102,-1.56819166619367,-1.23897355919778,
9940000000,1.25165912107493,1.56441632272102,-1.56819166619367,-1.23897355919778,
9950000000,1.25165912107493,1.54795541737123,-1.56819166619367,-1.23897355919778,
9960000000,1.23519821572513,1.54795541737123,-1.56819166619367,-1.23897355919778,
9970000000,1.23519821572513,1.54795541737123,-1.40358261269573,-1.07436450569984,
9980000000,1.23519821572513,1.54795541737123,-1.40358261269573,-1.07436450569984,
9990000000,1.21873731037534,1.54795541737123,-1.40358261269573,-0.909755452201899,
10000000000,1.23519821572513,1.53149451202143,-1.23897355919778,-0.909755452201899,
10010000000,1.21873731037534,1.53149451202143,-1.07436450569984,-0.745146398703957,
10020000000,1.21873731037534,1.53149451202143,-1.07436450569984,-0.580537345206014,
10030000000,1.21873731037534,1.53149451202143,-0.909755452201899,-0.415928291708072,
10040000000,1.23519821572513,1.54795541737123,-0.745146398703957,-0.415928291708072,
10050000000,1.23519821572513,1.54795541737123,-0.580537345206014,-0.251319238210129,
10060000000,1.23519821572513,1.54795541737123,-0.415928291708072,-0.0867101847121869,
10070000000,1.23519821572513,1.54795541737123,-0.415928291708072,0.0778988687857556,
10080000000,1.23519821572513,1.54795541737123,-0.251319238210129,0.242507922283698,
10090000000,1.23519821572513,1.54795541737123,-0.0867101847121869,0.40711697578164,
10100000000,1.23519821572513,1.54795541737123,0.0778988687857556,0.40711697578164,
10110000000,1.23519821572513,1.54795541737123,0.242507922283698,0.571726029279583,
10120000000,1.23519821572513,1.54795541737123,0.40711697578164,0.736335082777525,
10130000000,1.23519821572513,1.54795541737123,0.571726029279583,0.900944136275467,
10140000000,1.23519821572513,1.54795541737123,0.571726029279583,1.06555318977341,
10150000000,1.23519821572513,1.54795541737123,0.736335082777525,1.06555318977341,
10160000000,1.23519821572513,1.54795541737123,0.900944136275467,1.23016224327135,
10170000000,1.23519821572513,1.54795541737123,0.900944136275467,1.23016224327135,
10180000000,1.23519821572513,1.54795541737123,1.06555318977341,1.39477129676929,
10190000000,1.25165912107493,1.56441632272102,1.23016224327135,1.39477129676929,
10200000000,1.25165912107493,1.56441632272102,1.23016224327135,1.55938035026724,
10210000000,1.25165912107493,1.56441632272102,1.23016224327135,1.55938035026724,
10220000000,1.26812002642472,1.58087722807081,1.23016224327135,1.55938035026724,
10230000000,1.26812002642472,1.58087722807081,1.39477129676929,1.55938035026724,
10240000000,1.28458093177452,1.59733813342061,1.39477129676929,1.55938035026724,
10250000000,1.28458093177452,1.59733813342061,1.39477129676929,1.55938035026724,
10260000000,1.30104183712431,1.6302599441202,1.23016224327135,1.55938035026724,
10270000000,1.3339636478239,1.64672084946999,1.23016224327135,1.55938035026724,
10280000000,1.3339636478239,1.64672084946999,1.23016224327135,1.55938035026724,
10290000000,1.3339636478239,1.64672084946999,1.06555318977341,1.39477129676929,
10300000000,1.3339636478239,1.64672084946999,1.06555318977341,1.39477129676929,
10310000000,1.31750274247411,1.64672084946999,0.900944136275467,1.23016224327135,
10320000000,1.3339636478239,1.64672084946999,0.900944136275467,1.23016224327135,
10330000000,1.31750274247411,1.6302599441202,0.736335082777525,1.06555318977341,
10340000000,1.31750274247411,1.6302599441202,0.571726029279583,0.900944136275467,
10350000000,1.31750274247411,1.6302599441202,0.571726029279583,0.900944136275467,
10360000000,1.31750274247411,1.6302599441202,0.40711697578164,0.736335082777525,
10370000000,1.30104183712431,1.6137990387704,0.242507922283698,0.571726029279583,
10380000000,1.30104183712431,1.6137990387704,0.0778988687857556,0.40711697578164,
10390000000,1.30104183712431,1.6137990387704,-0.0867101847121869,0.242507922283698,
10400000000,1.30104183712431,1.6137990387704,-0.251319238210129,0.242507922283698,
10410000000,1.28458093177452,1.59733813342061,-0.415928291708072,0.0778988687857556,
10420000000,1.28458093177452,1.59733813342061,-0.415928291708072,-0.0867101847121869,
10430000000,1.28458093177452,1.59733813342061,-0.580537345206014,-0.251319238210129,
10440000000,1.28458093177452,1.59733813342061,-0.745146398703957,-0.415928291708072,
10450000000,1.28458093177452,1.58087722807081,-0.909755452201899,-0.580537345206014,
10460000000,1.26812002642472,1.58087722807081,-1.07436450569984,-0.580537345206014,
10470000000,1.26812002642472,1.58087722807081,-1.07436450569984,-0.745146398703957,
10480000000,1.26812002642472,1.58087722807081,-1.23897355919778,-0.909755452201899,
10490000000,1.26812002642472,1.56441632272102,-1.40358261269573,-0.909755452201899,
10500000000,1.26812002642472,1.58087722807081,-1.40358261269573,-1.07436450569984,
10510000000,1.25165912107493,1.56441632272102,-1.40358261269573,-1.07436450569984,
10520000000,1.25165912107493,1.56441632272102,-1.56819166619367,-1.23897355919778,
10530000000,1.25165912107493,1.56441632272102,-1.56819166619367,-1.23897355919778,
10540000000,1.25165912107493,1.56441632272102,-1.56819166619367,-1.23897355919778,
10550000000,1.25165912107493,1.56441632272102,-1.56819166619367,-1.23897355919778,
10560000000,1.23519821572513,1.54795541737123,-1.56819166619367,-1.40358261269573,
10570000000,1.23519821572513,1.54795541737123,-1.56819166619367,-1.23897355919778,
10580000000,1.23519821572513,1.54795541737123,-1.56819166619367,-1.23897355919778,
10590000000,1.23519821572513,1.54795541737123,-1.56819166619367,-1.23897355919778,
10600000000,1.23519821572513,1.54795541737123,-1.56819166619367,-1.23897355919778,
10610000000,1.21873731037534,1.53149451202143,-1.40358261269573,-1.07436450569984,
10620000000,1.21873731037534,1.53149451202143,-1.40358261269573,-1.07436450569984,
10630000000,1.21873731037534,1.53149451202143,-1.40358261269573,-0.909755452201899,
10640000000,1.21873731037534,1.53149451202143,-1.23897355919778,-0.909755452201899,
10650000000,1.21873731037534,1.51503360667164,-1.07436450569984,-0.745146398703957,
10660000000,1.21873731037534,1.53149451202143,-1.07436450569984,-0.580537345206014,
10670000000,1.23519821572513,1.54795541737123,-0.909755452201899,-0.580537345206014,
10680000000,1.23519821572513,1.54795541737123,-0.745146398703957,-0.415928291708072,
10690000000,1.25165912107493,1.56441632272102,-0.580537345206014,-0.251319238210129,
10700000000,1.25165912107493,1.56441632272102,-0.415928291708072,-0.0867101847121869,
10710000000,1.25165912107493,1.56441632272102,-0.415928291708072,0.0778988687857556,
10720000000,1.25165912107493,1.56441632272102,-0.251319238210129,0.242507922283698,
10730000000,1.25165912107493,1.56441632272102,-0.0867101847121869,0.40711697578164,
10740000000,1.25165912107493,1.56441632272102,0.0778988687857556,0.40711697578164,
10750000000,1.25165912107493,1.56441632272102,0.242507922283698,0.571726029279583,
10760000000,1.23519821572513,1.54795541737123,0.40711697578164,0.736335082777525,
10770000000,1.23519821572513,1.54795541737123,0.571726029279583,0.900944136275467,
10780000000,1.23519821572513,1.54795541737123,0.571726029279583,1.06555318977341,
10790000000,1.23519821572513,1.54795541737123,0.736335082777525,1.06555318977341,
10800000000,1.23519821572513,1.54795541737123,0.900944136275467,1.23016224327135,
10810000000,1.23519821572513,1.54795541737123,0.900944136275467,1.39477129676929,
10820000000,1.23519821572513,1.54795541737123,1.06555318977341,1.39477129676929,
10830000000,1.23519821572513,1.54795541737123,1.06555318977341,1.39477129676929,
10840000000,1.25165912107493,1.56441632272102,1.23016224327135,1.55938035026724,
10850000000,1.25165912107493,1.56441632272102,1.23016224327135,1.55938035026724,
10860000000,1.26812002642472,1.58087722807081,1.23016224327135,1.55938035026724,
10870000000,1.28458093177452,1.59733813342061,1.39477129676929,1.55938035026724,
10880000000,1.28458093177452,1.59733813342061,1.39477129676929,1.55938035026724,
10890000000,1.30104183712431,1.6302599441202,1.39477129676929,1.55938035026724,
10900000000,1.30104183712431,1.6137990387704,1.23016224327135,1.55938035026724,
10910000000,1.3339636478239,1.6302599441202,1.23016224327135,1.55938035026724,
10920000000,1.3339636478239,1.64672084946999,1.23016224327135,1.55938035026724,
10930000000,1.3339636478239,1.64672084946999,1.06555318977341,1.39477129676929,
10940000000,1.3339636478239,1.64672084946999,1.06555318977341,1.39477129676929,
10950000000,1.3339636478239,1.64672084946999,0.900944136275467,1.23016224327135,
10960000000,1.31750274247411,1.6302599441202,0.900944136275467,1.23016224327135,
10970000000,1.31750274247411,1.6302599441202,0.736335082777525,1.06555318977341,
10980000000,1.31750274247411,1.6302599441202,0.571726029279583,1.06555318977341,
10990000000,1.31750274247411,1.6137990387704,0.571726029279583,0.900944136275467,
11000000000,1.31750274247411,1.6137990387704,0.40711697578164,0.736335082777525,
11010000000,1.30104183712431,1.6137990387704,0.242507922283698,0.571726029279583,
11020000000,1.30104183712431,1.6137990387704,0.0778988687857556,0.40711697578164,
11030000000,1.30104183712431,1.6137990387704,-0.0867101847121869,0.40711697578164,
11040000000,1.30104183712431,1.59733813342061,-0.251319238210129,0.242507922283698,
11050000000,1.28458093177452,1.59733813342061,-0.415928291708072,0.0778988687857556,
11060000000,1.28458093177452,1.59733813342061,-0.415928291708072,-0.0867101847121869,
11070000000,1.28458093177452,1.59733813342061,-0.580537345206014,-0.251319238210129,
11080000000,1.28458093177452,1.59733813342061,-0.745146398703957,-0.415928291708072,
11090000000,1.26812002642472,1.58087722807081,-0.909755452201899,-0.580537345206014,
11100000000,1.26812002642472,1.58087722807081,-1.07436450569984,-0.580537345206014,
11110000000,1.26812002642472,1.58087722807081,-1.07436450569984,-0.745146398703957,
11120000000,1.26812002642472,1.58087722807081,-1.23897355919778,-0.909755452201899,
11130000000,1.26812002642472,1.58087722807081,-1.23897355919778,-0.909755452201899,
11140000000,1.25165912107493,1.56441632272102,-1.40358261269573,-1.07436450569984,
11150000000,1.26812002642472,1.56441632272102,-1.40358261269573,-1.07436450569984,
11160000000,1.25165912107493,1.56441632272102,-1.56819166619367,-1.23897355919778,
11170000000,1.25165912107493,1.56441632272102,-1.56819166619367,-1.23897355919778,
11180000000,1.25165912107493,1.56441632272102,-1.56819166619367,-1.23897355919778,
11190000000,1.23519821572513,1.54795541737123,-1.56819166619367,-1.23897355919778,
11200000000,1.23519821572513,1.54795541737123,-1.56819166619367,-1.23897355919778,
11210000000,1.23519821572513,1.54795541737123,-1.56819166619367,-1.23897355919778,
11220000000,1.23519821572513,1.54795541737123,-1.56819166619367,-1.23897355919778,
11230000000,1.23519821572513,1.54795541737123,-1.56819166619367,-1.23897355919778,
11240000000,1.21873731037534,1.53149451202143,-1.56819166619367,-1.23897355919778,
11250000000,1.23519821572513,1.53149451202143,-1.40358261269573,-1.07436450569984,
11260000000,1.21873731037534,1.53149451202143,-1.40358261269573,-1.07436450569984,
11270000000,1.21873731037534,1.51503360667164,-1.40358261269573,-0.909755452201899,
11280000000,1.21873731037534,1.51503360667164,-1.23897355919778,-0.909755452201899,
11290000000,1.20227640502555,1.51503360667164,-1.07436450569984,-0.745146398703957,
11300000000,1.20227640502555,1.51503360667164,-1.07436450569984,-0.580537345206014,
11310000000,1.21873731037534,1.53149451202143,-0.909755452201899,-0.580537345206014,
11320000000,1.23519821572513,1.54795541737123,-0.745146398703957,-0.415928291708072,
11330000000,1.23519821572513,1.54795541737123,-0.580537345206014,-0.251319238210129,
11340000000,1.23519821572513,1.54795541737123,-0.415928291708072,-0.0867101847121869,
11350000000,1.23519821572513,1.54795541737123,-0.415928291708072,0.0778988687857556,
11360000000,1.23519821572513,1.54795541737123,-0.251319238210129,0.242507922283698,
11370000000,1.23519821572513,1.54795541737123,-0.0867101847121869,0.40711697578164,
11380000000,1.23519821572513,1.54795541737123,0.0778988687857556,0.40711697578164,
11390000000,1.23519821572513,1.54795541737123,0.242507922283698,0.571726029279583,
11400000000,1.23519821572513,1.54795541737123,0.40711697578164,0.736335082777525,
11410000000,1.23519821572513,1.54795541737123,0.571726029279583,0.900944136275467,
11420000000,1.23519821572513,1.54795541737123,0.571726029279583,0.900944136275467,
11430000000,1.23519821572513,1.54795541737123,0.736335082777525,1.06555318977341,
11440000000,1.21873731037534,1.53149451202143,0.900944136275467,1.23016224327135,
11450000000,1.21873731037534,1.53149451202143,0.900944136275467,1.23016224327135,
11460000000,1.21873731037534,1.53149451202143,1.06555318977341,1.39477129676929,
11470000000,1.23519821572513,1.54795541737123,1.06555318977341,1.39477129676929,
11480000000,1.23519821572513,1.54795541737123,1.23016224327135,1.55938035026724,
11490000000,1.23519821572513,1.54795541737123,1.23016224327135,1.55938035026724,
11500000000,1.23519821572513,1.56441632272102,1.23016224327135,1.55938035026724,
11510000000,1.25165912107493,1.56441632272102,1.39477129676929,1.55938035026724,
11520000000,1.28458093177452,1.59733813342061,1.39477129676929,1.55938035026724,
11530000000,1.28458093177452,1.59733813342061,1.39477129676929,1.55938035026724,
11540000000,1.30104183712431,1.6137990387704,1.23016224327135,1.55938035026724,
11550000000,1.31750274247411,1.6302599441202,1.23016224327135,1.55938035026724,
11560000000,1.3339636478239,1.64672084946999,1.23016224327135,1.55938035026724,
11570000000,1.3339636478239,1.64672084946999,1.23016224327135,1.39477129676929,
11580000000,1.3339636478239,1.6302599441202,1.06555318977341,1.39477129676929,
11590000000,1.31750274247411,1.64672084946999,0.900944136275467,1.39477129676929,
11600000000,1.3339636478239,1.6302599441202,0.900944136275467,1.23016224327135,
11610000000,1.31750274247411,1.6302599441202,0.736335082777525,1.06555318977341,
11620000000,1.31750274247411,1.6302599441202,0.571726029279583,1.06555318977341,
11630000000,1.30104183712431,1.6302599441202,0.571726029279583,0.900944136275467,
11640000000,1.30104183712431,1.6137990387704,0.40711697578164,0.736335082777525,
11650000000,1.30104183712431,1.6137990387704,0.242507922283698,0.571726029279583,
11660000000,1.30104183712431,1.6137990387704,0.0778988687857556,0.40711697578164,
11670000000,1.28458093177452,1.59733813342061,-0.0867101847121869,0.40711697578164,
11680000000,1.28458093177452,1.59733813342061,-0.251319238210129,0.242507922283698,
11690000000,1.28458093177452,1.59733813342061,-0.251319238210129,0.0778988687857556,
11700000000,1.28458093177452,1.58087722807081,-0.415928291708072,-0.0867101847121869,
11710000000,1.26812002642472,1.58087722807081,-0.580537345206014,-0.251319238210129,
11720000000,1.26812002642472,1.58087722807081,-0.745146398703957,-0.415928291708072,
11730000000,1.26812002642472,1.58087722807081,-0.909755452201899,-0.580537345206014,
11740000000,1.26812002642472,1.58087722807081,-1.07436450569984,-0.580537345206014,
11750000000,1.26812002642472,1.56441632272102,-1.07436450569984,-0.745146398703957,
11760000000,1.26812002642472,1.56441632272102,-1.23897355919778,-0.909755452201899,
11770000000,1.25165912107493,1.56441632272102,-1.40358261269573,-0.909755452201899,
11780000000,1.25165912107493,1.56441632272102,-1.40358261269573,-1.07436450569984,
11790000000,1.25165912107493,1.56441632272102,-1.40358261269573,-1.07436450569984,
11800000000,1.25165912107493,1.54795541737123,-1.56819166619367,-1.23897355919778,
11810000000,1.25165912107493,1.56441632272102,-1.56819166619367,-1.23897355919778,
11820000000,1.23519821572513,1.54795541737123,-1.56819166619367,-1.23897355919778,
11830000000,1.25165912107493,1.54795541737123,-1.56819166619367,-1.23897355919778,
11840000000,1.23519821572513,1.54795541737123,-1.56819166619367,-1.23897355919778,
11850000000,1.23519821572513,1.54795541737123,-1.56819166619367,-1.23897355919778,
11860000000,1.23519821572513,1.54795541737123,-1.56819166619367,-1.23897355919778,
11870000000,1.21873731037534,1.53149451202143,-1.56819166619367,-1.23897355919778,
11880000000,1.21873731037534,1.54795541737123,-1.56819166619367,-1.23897355919778,
11890000000,1.21873731037534,1.53149451202143,-1.56819166619367,-1.07436450569984,
11900000000,1.21873731037534,1.51503360667164,-1.40358261269573,-1.07436450569984,
11910000000,1.20227640502555,1.53149451202143,-1.40358261269573,-0.909755452201899,
11920000000,1.20227640502555,1.51503360667164,-1.23897355919778,-0.909755452201899,
11930000000,1.20227640502555,1.51503360667164,-1.07436450569984,-0.745146398703957,
11940000000,1.21873731037534,1.53149451202143,-1.07436450569984,-0.580537345206014,
11950000000,1.23519821572513,1.54795541737123,-0.909755452201899,-0.580537345206014,
11960000000,1.23519821572513,1.54795541737123,-0.745146398703957,-0.415928291708072,
11970000000,1.25165912107493,1.56441632272102,-0.580537345206014,-0.251319238210129,
11980000000,1.25165912107493,1.56441632272102,-0.580537345206014,-0.0867101847121869,
11990000000,1.25165912107493,1.56441632272102,-0.415928291708072,0.0778988687857556,
12000000000,1.25165912107493,1.56441632272102,-0.251319238210129,0.242507922283698,
12010000000,1.25165912107493,1.56441632272102,-0.0867101847121869,0.242507922283698,
12020000000,1.25165912107493,1.56441632272102,0.0778988687857556,0.40711697578164,
12030000000,1.25165912107493,1.56441632272102,0.242507922283698,0.571726029279583,
12040000000,1.25165912107493,1.56441632272102,0.40711697578164,0.736335082777525,
12050000000,1.23519821572513,1.54795541737123,0.40711697578164,0.900944136275467,
12060000000,1.23519821572513,1.54795541737123,0.571726029279583,0.900944136275467,
12070000000,1.23519821572513,1.54795541737123,0.736335082777525,1.06555318977341,
12080000000,1.23519821572513,1.54795541737123,0.900944136275467,1.23016224327135,
12090000000,1.23519821572513,1.54795541737123,0.900944136275467,1.23016224327135,
12100000000,1.25165912107493,1.56441632272102,1.06555318977341,1.39477129676929,
12110000000,1.25165912107493,1.56441632272102,1.06555318977341,1.39477129676929,
12120000000,1.25165912107493,1.56441632272102,1.23016224327135,1.55938035026724,
12130000000,1.25165912107493,1.56441632272102,1.23016224327135,1.55938035026724,
12140000000,1.26812002642472,1.58087722807081,1.23016224327135,1.55938035026724,
12150000000,1.28458093177452,1.59733813342061,1.23016224327135,1.55938035026724,
12160000000,1.28458093177452,1.59733813342061,1.39477129676929,1.55938035026724,
12170000000,1.30104183712431,1.6137990387704,1.39477129676929,1.55938035026724,
12180000000,1.31750274247411,1.6137990387704,1.23016224327135,1.55938035026724,
12190000000,1.31750274247411,1.64672084946999,1.23016224327135,1.55938035026724,
12200000000,1.3339636478239,1.64672084946999,1.23016224327135,1.55938035026724,
12210000000,1.31750274247411,1.64672084946999,1.23016224327135,1.39477129676929,
12220000000,1.3339636478239,1.64672084946999,1.06555318977341,1.39477129676929,
12230000000,1.3339636478239,1.64672084946999,1.06555318977341,1.39477129676929,
12240000000,1.31750274247411,1.64672084946999,0.900944136275467,1.23016224327135,
12250000000,1.31750274247411,1.6302599441202,0.736335082777525,1.06555318977341,
12260000000,1.31750274247411,1.6302599441202,0.571726029279583,1.06555318977341,
12270000000,1.31750274247411,1.6137990387704,0.571726029279583,0.900944136275467,
12280000000,1.31750274247411,1.6137990387704,0.40711697578164,0.736335082777525,
12290000000,1.30104183712431,1.6137990387704,0.242507922283698,0.736335082777525,
12300000000,1.30104183712431,1.6137990387704,0.0778988687857556,0.571726029279583,
12310000000,1.30104183712431,1.6137990387704,-0.0867101847121869,0.40711697578164,
12320000000,1.30104183712431,1.59733813342061,-0.0867101847121869,0.242507922283698,
12330000000,1.28458093177452,1.59733813342061,-0.251319238210129,0.0778988687857556,
12340000000,1.28458093177452,1.59733813342061,-0.415928291708072,-0.0867101847121869,
12350000000,1.28458093177452,1.59733813342061,-0.580537345206014,-0.251319238210129,
12360000000,1.28458093177452,1.58087722807081,-0.745146398703957,-0.415928291708072,
12370000000,1.26812002642472,1.58087722807081,-0.909755452201899,-0.415928291708072,
12380000000,1.26812002642472,1.58087722807081,-0.909755452201899,-0.580537345206014,
12390000000,1.26812002642472,1.58087722807081,-1.07436450569984,-0.745146398703957,
12400000000,1.26812002642472,1.58087722807081,-1.23897355919778,-0.909755452201899,
12410000000,1.26812002642472,1.58087722807081,-1.23897355919778,-0.909755452201899,
12420000000,1.25165912107493,1.56441632272102,-1.40358261269573,-1.07436450569984,
12430000000,1.25165912107493,1.56441632272102,-1.40358261269573,-1.07436450569984,
12440000000,1.25165912107493,1.56441632272102,-1.56819166619367,-1.23897355919778,
12450000000,1.25165912107493,1.56441632272102,-1.56819166619367,-1.23897355919778,
12460000000,1.25165912107493,1.56441632272102,-1.56819166619367,-1.23897355919778,
12470000000,1.23519821572513,1.54795541737123,-1.56819166619367,-1.23897355919778,
12480000000,1.25165912107493,1.54795541737123,-1.56819166619367,-1.40358261269573,
12490000000,1.23519821572513,1.54795541737123,-1.56819166619367,-1.23897355919778,
12500000000,1.23519821572513,1.53149451202143,-1.56819166619367,-1.23897355919778,
12510000000,1.23519821572513,1.54795541737123,-1.56819166619367,-1.23897355919778,
12520000000,1.21873731037534,1.53149451202143,-1.56819166619367,-1.23897355919778,
12530000000,1.21873731037534,1.53149451202143,-1.40358261269573,-1.07436450569984,
12540000000,1.21873731037534,1.53149451202143,-1.40358261269573,-1.07436450569984,
12550000000,1.21873731037534,1.53149451202143,-1.40358261269573,-1.07436450569984,
12560000000,1.21873731037534,1.51503360667164,-1.23897355919778,-0.909755452201899,
12570000000,1.20227640502555,1.51503360667164,-1.23897355919778,-0.745146398703957,
12580000000,1.20227640502555,1.51503360667164,-1.07436450569984,-0.745146398703957,
12590000000,1.21873731037534,1.53149451202143,-0.909755452201899,-0.580537345206014,
12600000000,1.23519821572513,1.54795541737123,-0.745146398703957,-0.415928291708072,
12610000000,1.23519821572513,1.54795541737123,-0.745146398703957,-0.251319238210129,
12620000000,1.23519821572513,1.54795541737123,-0.580537345206014,-0.0867101847121869,
12630000000,1.23519821572513,1.54795541737123,-0.415928291708072,0.0778988687857556,
12640000000,1.23519821572513,1.54795541737123,-0.251319238210129,0.0778988687857556,
12650000000,1.23519821572513,1.54795541737123,-0.0867101847121869,0.242507922283698,
12660000000,1.23519821572513,1.54795541737123,0.0778988687857556,0.40711697578164,
12670000000,1.23519821572513,1.54795541737123,0.242507922283698,0.571726029279583,
12680000000,1.23519821572513,1.54795541737123,0.40711697578164,0.736335082777525,
12690000000,1.23519821572513,1.54795541737123,0.40711697578164,0.900944136275467,
12700000000,1.23519821572513,1.54795541737123,0.571726029279583,0.900944136275467,
12710000000,1.23519821572513,1.54795541737123,0.736335082777525,1.06555318977341,
12720000000,1.21873731037534,1.53149451202143,0.900944136275467,1.23016224327135,
12730000000,1.21873731037534,1.53149451202143,0.900944136275467,1.23016224327135,
12740000000,1.23519821572513,1.54795541737123,1.06555318977341,1.39477129676929,
12750000000,1.23519821572513,1.54795541737123,1.06555318977341,1.39477129676929,
12760000000,1.23519821572513,1.54795541737123,1.23016224327135,1.55938035026724,
12770000000,1.25165912107493,1.56441632272102,1.23016224327135,1.55938035026724,
12780000000,1.25165912107493,1.56441632272102,1.23016224327135,1.55938035026724,
12790000000,1.26812002642472,1.58087722807081,1.39477129676929,1.55938035026724,
12800000000,1.28458093177452,1.59733813342061,1.39477129676929,1.55938035026724,
12810000000,1.28458093177452,1.59733813342061,1.39477129676929,1.55938035026724,
12820000000,1.30104183712431,1.6137990387704,1.23016224327135,1.55938035026724,
12830000000,1.30104183712431,1.6137990387704,1.23016224327135,1.55938035026724,
12840000000,1.3339636478239,1.6302599441202,1.23016224327135,1.55938035026724,
12850000000,1.3339636478239,1.64672084946999,1.23016224327135,1.39477129676929,
12860000000,1.3339636478239,1.6302599441202,1.06555318977341,1.39477129676929,
12870000000,1.3339636478239,1.64672084946999,1.06555318977341,1.39477129676929,
12880000000,1.3339636478239,1.64672084946999,0.900944136275467,1.23016224327135,
12890000000,1.3339636478239,1.6302599441202,0.736335082777525,1.06555318977341,
12900000000,1.31750274247411,1.6302599441202,0.736335082777525,1.06555318977341,
12910000000,1.31750274247411,1.6302599441202,0.571726029279583,0.900944136275467,
12920000000,1.30104183712431,1.6137990387704,0.40711697578164,0.736335082777525,
12930000000,1.31750274247411,1.6137990387704,0.242507922283698,0.571726029279583,
12940000000,1.30104183712431,1.6137990387704,0.0778988687857556,0.571726029279583,
12950000000,1.30104183712431,1.6137990387704,0.0778988687857556,0.40711697578164,
12960000000,1.30104183712431,1.6137990387704,-0.0867101847121869,0.242507922283698,
12970000000,1.28458093177452,1.59733813342061,-0.251319238210129,0.0778988687857556,
12980000000,1.30104183712431,1.59733813342061,-0.415928291708072,-0.0867101847121869,
12990000000,1.28458093177452,1.59733813342061,-0.580537345206014,-0.251319238210129,
13000000000,1.28458093177452,1.59733813342061,-0.745146398703957,-0.415928291708072,
13010000000,1.28458093177452,1.58087722807081,-0.909755452201899,-0.415928291708072,
13020000000,1.26812002642472,1.58087722807081,-0.909755452201899,-0.580537345206014,
13030000000,1.28458093177452,1.58087722807081,-1.07436450569984,-0.745146398703957,
13040000000,1.26812002642472,1.58087722807081,-1.23897355919778,-0.909755452201899,
13050000000,1.26812002642472,1.58087722807081,-1.23897355919778,-0.909755452201899,
13060000000,1.25165912107493,1.56441632272102,-1.40358261269573,-1.07436450569984,
13070000000,1.25165912107493,1.56441632272102,-1.40358261269573,-1.07436450569984,
13080000000,1.25165912107493,1.56441632272102,-1.56819166619367,-1.23897355919778,
13090000000,1.25165912107493,1.56441632272102,-1.56819166619367,-1.23897355919778,
13100000000,1.25165912107493,1.56441632272102,-1.56819166619367,-1.23897355919778,
13110000000,1.25165912107493,1.54795541737123,-1.56819166619367,-1.23897355919778,
13120000000,1.23519821572513,1.54795541737123,-1.56819166619367,-1.40358261269573,
13130000000,1.23519821572513,1.54795541737123,-1.56819166619367,-1.40358261269573,
13140000000,1.23519821572513,1.54795541737123,-1.56819166619367,-1.23897355919778,
13150000000,1.23519821572513,1.53149451202143,-1.56819166619367,-1.23897355919778,
13160000000,1.23519821572513,1.53149451202143,-1.56819166619367,-1.23897355919778,
13170000000,1.21873731037534,1.53149451202143,-1.56819166619367,-1.07436450569984,
13180000000,1.21873731037534,1.53149451202143,-1.40358261269573,-1.07436450569984,
13190000000,1.21873731037534,1.53149451202143,-1.40358261269573,-1.07436450569984,
13200000000,1.21873731037534,1.51503360667164,-1.23897355919778,-0.909755452201899,
13210000000,1.20227640502555,1.53149451202143,-1.23897355919778,-0.745146398703957,
13220000000,1.20227640502555,1.51503360667164,-1.07436450569984,-0.745146398703957,
13230000000,1.20227640502555,1.53149451202143,-0.909755452201899,-0.580537345206014,
13240000000,1.21873731037534,1.53149451202143,-0.745146398703957,-0.415928291708072,
13250000000,1.23519821572513,1.54795541737123,-0.745146398703957,-0.251319238210129,
13260000000,1.23519821572513,1.54795541737123,-0.580537345206014,-0.0867101847121869,
13270000000,1.23519821572513,1.54795541737123,-0.415928291708072,-0.0867101847121869,
13280000000,1.23519821572513,1.54795541737123,-0.251319238210129,0.0778988687857556,
13290000000,1.23519821572513,1.54795541737123,-0.0867101847121869,0.242507922283698,
13300000000,1.23519821572513,1.54795541737123,0.0778988687857556,0.40711697578164,
13310000000,1.23519821572513,1.54795541737123,0.242507922283698,0.571726029279583,
13320000000,1.21873731037534,1.54795541737123,0.40711697578164,0.736335082777525,
13330000000,1.21873731037534,1.53149451202143,0.40711697578164,0.900944136275467,
13340000000,1.21873731037534,1.53149451202143,0.571726029279583,0.900944136275467,
13350000000,1.21873731037534,1.53149451202143,0.736335082777525,1.06555318977341,
13360000000,1.21873731037534,1.53149451202143,0.900944136275467,1.23016224327135,
13370000000,1.21873731037534,1.53149451202143,0.900944136275467,1.23016224327135,
13380000000,1.21873731037534,1.53149451202143,1.06555318977341,1.39477129676929,
13390000000,1.21873731037534,1.53149451202143,1.06555318977341,1.39477129676929,
13400000000,1.23519821572513,1.54795541737123,1.23016224327135,1.55938035026724,
13410000000,1.23519821572513,1.54795541737123,1.23016224327135,1.55938035026724,
13420000000,1.25165912107493,1.56441632272102,1.23016224327135,1.55938035026724,
13430000000,1.26812002642472,1.58087722807081,1.39477129676929,1.55938035026724,
13440000000,1.26812002642472,1.58087722807081,1.39477129676929,1.55938035026724,
13450000000,1.28458093177452,1.59733813342061,1.39477129676929,1.55938035026724,
13460000000,1.28458093177452,1.59733813342061,1.39477129676929,1.55938035026724,
13470000000,1.30104183712431,1.6137990387704,1.23016224327135,1.55938035026724,
13480000000,1.31750274247411,1.6137990387704,1.23016224327135,1.55938035026724,
13490000000,1.31750274247411,1.6137990387704,1.23016224327135,1.55938035026724,
13500000000,1.31750274247411,1.6137990387704,1.06555318977341,1.39477129676929,
13510000000,1.31750274247411,1.6137990387704,1.06555318977341,1.39477129676929,
13520000000,1.31750274247411,1.6137990387704,0.900944136275467,1.23016224327135,
13530000000,1.31750274247411,1.6137990387704,0.736335082777525,1.23016224327135,
13540000000,1.30104183712431,1.6137990387704,0.736335082777525,1.06555318977341,
13550000000,1.30104183712431,1.6137990387704,0.571726029279583,0.900944136275467,
13560000000,1.30104183712431,1.6137990387704,0.40711697578164,0.736335082777525,
13570000000,1.30104183712431,1.6137990387704,0.242507922283698,0.736335082777525,
13580000000,1.28458093177452,1.59733813342061,0.242507922283698,0.571726029279583,
13590000000,1.28458093177452,1.59733813342061,0.0778988687857556,0.40711697578164,
13600000000,1.28458093177452,1.59733813342061,-0.0867101847121869,0.242507922283698,
13610000000,1.28458093177452,1.58087722807081,-0.251319238210129,0.0778988687857556,
13620000000,1.26812002642472,1.58087722807081,-0.415928291708072,-0.0867101847121869,
13630000000,1.26812002642472,1.58087722807081,-0.580537345206014,-0.251319238210129,
13640000000,1.26812002642472,1.58087722807081,-0.745146398703957,-0.251319238210129,
13650000000,1.26812002642472,1.58087722807081,-0.745146398703957,-0.415928291708072,
13660000000,1.26812002642472,1.56441632272102,-0.909755452201899,-0.580537345206014,
13670000000,1.25165912107493,1.56441632272102,-1.07436450569984,-0.745146398703957,
13680000000,1.25165912107493,1.56441632272102,-1.23897355919778,-0.745146398703957,
13690000000,1.25165912107493,1.56441632272102,-1.23897355919778,-0.909755452201899,
13700000000,1.25165912107493,1.56441632272102,-1.40358261269573,-1.07436450569984,
13710000000,1.25165912107493,1.56441632272102,-1.40358261269573,-1.07436450569984,
13720000000,1.23519821572513,1.54795541737123,-1.56819166619367,-1.23897355919778,
13730000000,1.23519821572513,1.54795541737123,-1.56819166619367,-1.23897355919778,
13740000000,1.23519821572513,1.54795541737123,-1.56819166619367,-1.23897355919778,
13750000000,1.23519821572513,1.54795541737123,-1.56819166619367,-1.23897355919778,
13760000000,1.23519821572513,1.54795541737123,-1.56819166619367,-1.23897355919778,
13770000000,1.23519821572513,1.53149451202143,-1.56819166619367,-1.40358261269573,
13780000000,1.23519821572513,1.53149451202143,-1.56819166619367,-1.23897355919778,
13790000000,1.21873731037534,1.53149451202143,-1.56819166619367,-1.23897355919778,
13800000000,1.21873731037534,1.53149451202143,-1.56819166619367,-1.23897355919778,
13810000000,1.21873731037534,1.51503360667164,-1.56819166619367,-1.23897355919778,
13820000000,1.21873731037534,1.51503360667164,-1.40358261269573,-1.07436450569984,
13830000000,1.20227640502555,1.51503360667164,-1.40358261269573,-1.07436450569984,
13840000000,1.20227640502555,1.51503360667164,-1.23897355919778,-0.909755452201899,
13850000000,1.20227640502555,1.51503360667164,-1.23897355919778,-0.745146398703957,
13860000000,1.20227640502555,1.51503360667164,-1.07436450569984,-0.745146398703957,
13870000000,1.21873731037534,1.53149451202143,-0.909755452201899,-0.580537345206014,
13880000000,1.23519821572513,1.54795541737123,-0.745146398703957,-0.415928291708072,
13890000000,1.23519821572513,1.54795541737123,-0.745146398703957,-0.251319238210129,
13900000000,1.23519821572513,1.54795541737123,-0.580537345206014,-0.251319238210129,
13910000000,1.23519821572513,1.54795541737123,-0.415928291708072,-0.0867101847121869,
13920000000,1.23519821572513,1.54795541737123,-0.251319238210129,0.0778988687857556,
13930000000,1.23519821572513,1.54795541737123,-0.0867101847121869,0.242507922283698,
13940000000,1.23519821572513,1.54795541737123,0.0778988687857556,0.40711697578164,
13950000000,1.23519821572513,1.54795541737123,0.242507922283698,0.571726029279583,
13960000000,1.23519821572513,1.54795541737123,0.242507922283698,0.736335082777525,
13970000000,1.21873731037534,1.53149451202143,0.40711697578164,0.736335082777525,
13980000000,1.23519821572513,1.53149451202143,0.571726029279583,0.900944136275467,
13990000000,1.21873731037534,1.53149451202143,0.736335082777525,1.06555318977341,
14000000000,1.21873731037534,1.53149451202143,0.736335082777525,1.06555318977341,
14010000000,1.23519821572513,1.53149451202143,0.900944136275467,1.23016224327135,
14020000000,1.21873731037534,1.53149451202143,1.06555318977341,1.39477129676929,
14030000000,1.23519821572513,1.54795541737123,1.06555318977341,1.39477129676929,
14040000000,1.23519821572513,1.54795541737123,1.23016224327135,1.39477129676929,
14050000000,1.23519821572513,1.54795541737123,1.23016224327135,1.55938035026724,
14060000000,1.23519821572513,1.54795541737123,1.23016224327135,1.55938035026724,
14070000000,1.25165912107493,1.56441632272102,1.23016224327135,1.55938035026724,
14080000000,1.26812002642472,1.58087722807081,1.39477129676929,1.55938035026724,
14090000000,1.26812002642472,1.58087722807081,1.39477129676929,1.55938035026724,
14100000000,1.30104183712431,1.6137990387704,1.39477129676929,1.55938035026724,
14110000000,1.30104183712431,1.6137990387704,1.23016224327135,1.55938035026724,
14120000000,1.30104183712431,1.6137990387704,1.23016224327135,1.55938035026724,
14130000000,1.3339636478239,1.6302599441202,1.23016224327135,1.39477129676929,
14140000000,1.31750274247411,1.64672084946999,1.06555318977341,1.39477129676929,
14150000000,1.31750274247411,1.6302599441202,1.06555318977341,1.39477129676929,
14160000000,1.31750274247411,1.6302599441202,0.900944136275467,1.23016224327135,
14170000000,1.31750274247411,1.6302599441202,0.736335082777525,1.23016224327135,
14180000000,1.31750274247411,1.6137990387704,0.736335082777525,1.06555318977341,
14190000000,1.31750274247411,1.6137990387704,0.571726029279583,0.900944136275467,
14200000000,1.30104183712431,1.6137990387704,0.40711697578164,0.736335082777525,
14210000000,1.30104183712431,1.6137990387704,0.242507922283698,0.736335082777525,
14220000000,1.30104183712431,1.6137990387704,0.242507922283698,0.571726029279583,
14230000000,1.30104183712431,1.59733813342061,0.0778988687857556,0.40711697578164,
14240000000,1.28458093177452,1.59733813342061,-0.0867101847121869,0.242507922283698,
14250000000,1.28458093177452,1.59733813342061,-0.251319238210129,0.0778988687857556,
14260000000,1.28458093177452,1.58087722807081,-0.415928291708072,-0.0867101847121869,
14270000000,1.28458093177452,1.58087722807081,-0.580537345206014,-0.0867101847121869,
14280000000,1.26812002642472,1.58087722807081,-0.745146398703957,-0.251319238210129,
14290000000,1.26812002642472,1.58087722807081,-0.909755452201899,-0.415928291708072,
14300000000,1.26812002642472,1.58087722807081,-0.909755452201899,-0.580537345206014,
14310000000,1.26812002642472,1.56441632272102,-1.07436450569984,-0.745146398703957,
14320000000,1.25165912107493,1.56441632272102,-1.23897355919778,-0.745146398703957,
14330000000,1.25165912107493,1.56441632272102,-1.23897355919778,-0.909755452201899,
14340000000,1.25165912107493,1.56441632272102,-1.40358261269573,-1.07436450569984,
14350000000,1.25165912107493,1.56441632272102,-1.40358261269573,-1.07436450569984,
14360000000,1.25165912107493,1.56441632272102,-1.56819166619367,-1.23897355919778,
14370000000,1.23519821572513,1.54795541737123,-1.56819166619367,-1.23897355919778,
14380000000,1.23519821572513,1.54795541737123,-1.56819166619367,-1.23897355919778,
14390000000,1.23519821572513,1.54795541737123,-1.56819166619367,-1.23897355919778,
14400000000,1.23519821572513,1.54795541737123,-1.56819166619367,-1.40358261269573,
14410000000,1.23519821572513,1.54795541737123,-1.56819166619367,-1.40358261269573,
14420000000,1.23519821572513,1.54795541737123,-1.56819166619367,-1.23897355919778,
14430000000,1.21873731037534,1.53149451202143,-1.56819166619367,-1.23897355919778,
14440000000,1.21873731037534,1.53149451202143,-1.56819166619367,-1.23897355919778,
14450000000,1.21873731037534,1.53149451202143,-1.56819166619367,-1.23897355919778,
14460000000,1.21873731037534,1.53149451202143,-1.40358261269573,-1.07436450569984,
14470000000,1.20227640502555,1.53149451202143,-1.40358261269573,-1.07436450569984,
14480000000,1.20227640502555,1.51503360667164,-1.23897355919778,-0.909755452201899,
14490000000,1.20227640502555,1.51503360667164,-1.23897355919778,-0.909755452201899,
14500000000,1.20227640502555,1.51503360667164,-1.07436450569984,-0.745146398703957,
14510000000,1.20227640502555,1.51503360667164,-0.909755452201899,-0.580537345206014,
14520000000,1.23519821572513,1.54795541737123,-0.909755452201899,-0.415928291708072,
14530000000,1.25165912107493,1.56441632272102,-0.745146398703957,-0.415928291708072,
14540000000,1.25165912107493,1.56441632272102,-0.580537345206014,-0.251319238210129,
14550000000,1.25165912107493,1.56441632272102,-0.415928291708072,-0.0867101847121869,
14560000000,1.25165912107493,1.56441632272102,-0.251319238210129,0.0778988687857556,
14570000000,1.23519821572513,1.54795541737123,-0.0867101847121869,0.242507922283698,
14580000000,1.23519821572513,1.54795541737123,0.0778988687857556,0.40711697578164,
14590000000,1.23519821572513,1.54795541737123,0.242507922283698,0.571726029279583,
14600000000,1.23519821572513,1.54795541737123,0.242507922283698,0.736335082777525,
14610000000,1.23519821572513,1.53149451202143,0.40711697578164,0.736335082777525,
14620000000,1.23519821572513,1.54795541737123,0.571726029279583,0.900944136275467,
14630000000,1.21873731037534,1.53149451202143,0.736335082777525,1.06555318977341,
14640000000,1.21873731037534,1.53149451202143,0.736335082777525,1.06555318977341,
14650000000,1.23519821572513,1.54795541737123,0.900944136275467,1.23016224327135,
14660000000,1.23519821572513,1.54795541737123,1.06555318977341,1.39477129676929,
14670000000,1.23519821572513,1.54795541737123,1.06555318977341,1.39477129676929,
14680000000,1.25165912107493,1.56441632272102,1.23016224327135,1.39477129676929,
14690000000,1.25165912107493,1.56441632272102,1.23016224327135,1.55938035026724,
14700000000,1.26812002642472,1.58087722807081,1.23016224327135,1.55938035026724,
14710000000,1.26812002642472,1.58087722807081,1.23016224327135,1.55938035026724,
14720000000,1.28458093177452,1.59733813342061,1.39477129676929,1.55938035026724,
14730000000,1.28458093177452,1.6137990387704,1.39477129676929,1.55938035026724,
14740000000,1.28458093177452,1.59733813342061,1.39477129676929,1.55938035026724,
14750000000,1.30104183712431,1.6302599441202,1.23016224327135,1.55938035026724,
14760000000,1.31750274247411,1.6137990387704,1.23016224327135,1.55938035026724,
14770000000,1.31750274247411,1.64672084946999,1.23016224327135,1.55938035026724,
14780000000,1.3339636478239,1.64672084946999,1.06555318977341,1.39477129676929,
14790000000,1.3339636478239,1.64672084946999,1.06555318977341,1.39477129676929,
14800000000,1.3339636478239,1.6302599441202,0.900944136275467,1.23016224327135,
14810000000,1.3339636478239,1.6302599441202,0.900944136275467,1.23016224327135,
14820000000,1.31750274247411,1.6302599441202,0.736335082777525,1.06555318977341,
14830000000,1.31750274247411,1.6302599441202,0.571726029279583,0.900944136275467,
14840000000,1.31750274247411,1.6137990387704,0.40711697578164,0.900944136275467,
14850000000,1.30104183712431,1.6137990387704,0.40711697578164,0.736335082777525,
14860000000,1.30104183712431,1.6137990387704,0.242507922283698,0.571726029279583,
14870000000,1.30104183712431,1.6137990387704,0.0778988687857556,0.40711697578164,
14880000000,1.30104183712431,1.59733813342061,-0.0867101847121869,0.242507922283698,
14890000000,1.28458093177452,1.59733813342061,-0.251319238210129,0.0778988687857556,
14900000000,1.28458093177452,1.59733813342061,-0.415928291708072,0.0778988687857556,
14910000000,1.28458093177452,1.59733813342061,-0.580537345206014,-0.0867101847121869,
14920000000,1.28458093177452,1.59733813342061,-0.745146398703957,-0.251319238210129,
14930000000,1.26812002642472,1.58087722807081,-0.745146398703957,-0.415928291708072,
14940000000,1.26812002642472,1.58087722807081,-0.909755452201899,-0.580537345206014,
14950000000,1.26812002642472,1.58087722807081,-1.07436450569984,-0.745146398703957,
14960000000,1.26812002642472,1.58087722807081,-1.23897355919778,-0.745146398703957,
14970000000,1.26812002642472,1.58087722807081,-1.23897355919778,-0.909755452201899,
14980000000,1.25165912107493,1.56441632272102,-1.40358261269573,-1.07436450569984,
14990000000,1.25165912107493,1.56441632272102,-1.40358261269573,-1.07436450569984,
15000000000,1.25165912107493,1.56441632272102,-1.56819166619367,-1.07436450569984,
15010000000,1.25165912107493,1.56441632272102,-1.56819166619367,-1.23897355919778,
15020000000,1.23519821572513,1.56441632272102,-1.56819166619367,-1.23897355919778,
15030000000,1.23519821572513,1.54795541737123,-1.56819166619367,-1.23897355919778,
15040000000,1.23519821572513,1.54795541737123,-1.56819166619367,-1.23897355919778,
15050000000,1.23519821572513,1.54795541737123,-1.56819166619367,-1.40358261269573,
15060000000,1.23519821572513,1.53149451202143,-1.56819166619367,-1.23897355919778,
15070000000,1.23519821572513,1.53149451202143,-1.56819166619367,-1.23897355919778,
15080000000,1.21873731037534,1.53149451202143,-1.56819166619367,-1.23897355919778,
15090000000,1.21873731037534,1.53149451202143,-1.56819166619367,-1.23897355919778,
15100000000,1.21873731037534,1.53149451202143,-1.40358261269573,-1.07436450569984,
15110000000,1.21873731037534,1.53149451202143,-1.40358261269573,-1.07436450569984,
15120000000,1.21873731037534,1.51503360667164,-1.23897355919778,-0.909755452201899,
15130000000,1.20227640502555,1.51503360667164,-1.23897355919778,-0.745146398703957,
15140000000,1.20227640502555,1.51503360667164,-1.07436450569984,-0.745146398703957,
15150000000,1.21873731037534,1.53149451202143,-0.909755452201899,-0.580537345206014,
15160000000,1.23519821572513,1.54795541737123,-0.909755452201899,-0.415928291708072,
15170000000,1.23519821572513,1.54795541737123,-0.745146398703957,-0.415928291708072,
15180000000,1.25165912107493,1.56441632272102,-0.580537345206014,-0.251319238210129,
15190000000,1.25165912107493,1.56441632272102,-0.415928291708072,-0.0867101847121869,
15200000000,1.25165912107493,1.56441632272102,-0.251319238210129,0.0778988687857556,
15210000000,1.25165912107493,1.56441632272102,-0.0867101847121869,0.242507922283698,
15220000000,1.25165912107493,1.56441632272102,-0.0867101847121869,0.40711697578164,
15230000000,1.25165912107493,1.56441632272102,0.0778988687857556,0.571726029279583,
15240000000,1.25165912107493,1.56441632272102,0.242507922283698,0.571726029279583,
15250000000,1.25165912107493,1.56441632272102,0.40711697578164,0.736335082777525,
15260000000,1.23519821572513,1.54795541737123,0.571726029279583,0.900944136275467,
15270000000,1.25165912107493,1.56441632272102,0.736335082777525,1.06555318977341,
15280000000,1.23519821572513,1.54795541737123,0.736335082777525,1.06555318977341,
15290000000,1.23519821572513,1.54795541737123,0.900944136275467,1.23016224327135,
15300000000,1.23519821572513,1.54795541737123,1.06555318977341,1.39477129676929,
15310000000,1.25165912107493,1.54795541737123,1.06555318977341,1.39477129676929,
15320000000,1.23519821572513,1.54795541737123,1.23016224327135,1.39477129676929,
15330000000,1.25165912107493,1.56441632272102,1.23016224327135,1.55938035026724,
15340000000,1.25165912107493,1.56441632272102,1.23016224327135,1.55938035026724,
15350000000,1.26812002642472,1.58087722807081,1.23016224327135,1.55938035026724,
15360000000,1.30104183712431,1.59733813342061,1.23016224327135,1.55938035026724,
15370000000,1.28458093177452,1.59733813342061,1.39477129676929,1.55938035026724,
15380000000,1.30104183712431,1.6302599441202,1.23016224327135,1.55938035026724,
15390000000,1.31750274247411,1.6137990387704,1.23016224327135,1.55938035026724,
15400000000,1.3339636478239,1.64672084946999,1.23016224327135,1.55938035026724,
15410000000,1.3339636478239,1.64672084946999,1.23016224327135,1.55938035026724,
15420000000,1.3339636478239,1.64672084946999,1.06555318977341,1.39477129676929,
15430000000,1.31750274247411,1.64672084946999,1.06555318977341,1.39477129676929,
15440000000,1.3339636478239,1.6302599441202,0.900944136275467,1.23016224327135,
15450000000,1.31750274247411,1.6302599441202,0.900944136275467,1.23016224327135,
15460000000,1.31750274247411,1.6137990387704,0.736335082777525,1.06555318977341,
15470000000,1.31750274247411,1.6302599441202,0.571726029279583,0.900944136275467,
15480000000,1.30104183712431,1.6137990387704,0.40711697578164,0.900944136275467,
15490000000,1.30104183712431,1.6137990387704,0.40711697578164,0.736335082777525,
15500000000,1.30104183712431,1.6137990387704,0.242507922283698,0.571726029279583,
15510000000,1.30104183712431,1.59733813342061,0.0778988687857556,0.40711697578164,
15520000000,1.28458093177452,1.59733813342061,-0.0867101847121869,0.242507922283698,
15530000000,1.28458093177452,1.59733813342061,-0.251319238210129,0.0778988687857556,
15540000000,1.28458093177452,1.59733813342061,-0.415928291708072,0.0778988687857556,
15550000000,1.28458093177452,1.59733813342061,-0.580537345206014,-0.0867101847121869,
15560000000,1.26812002642472,1.58087722807081,-0.745146398703957,-0.251319238210129,
15570000000,1.26812002642472,1.58087722807081,-0.745146398703957,-0.415928291708072,
15580000000,1.26812002642472,1.58087722807081,-0.909755452201899,-0.580537345206014,
15590000000,1.26812002642472,1.56441632272102,-1.07436450569984,-0.745146398703957,
15600000000,1.26812002642472,1.56441632272102,-1.07436450569984,-0.745146398703957,
15610000000,1.25165912107493,1.56441632272102,-1.23897355919778,-0.909755452201899,
15620000000,1.25165912107493,1.56441632272102,-1.40358261269573,-1.07436450569984,
15630000000,1.25165912107493,1.56441632272102,-1.40358261269573,-1.07436450569984,
15640000000,1.25165912107493,1.56441632272102,-1.56819166619367,-1.07436450569984,
15650000000,1.25165912107493,1.56441632272102,-1.56819166619367,-1.23897355919778,
15660000000,1.23519821572513,1.54795541737123,-1.56819166619367,-1.23897355919778,
15670000000,1.23519821572513,1.54795541737123,-1.56819166619367,-1.23897355919778,
15680000000,1.23519821572513,1.54795541737123,-1.56819166619367,-1.40358261269573,
15690000000,1.23519821572513,1.54795541737123,-1.56819166619367,-1.40358261269573,
15700000000,1.23519821572513,1.53149451202143,-1.56819166619367,-1.23897355919778,
15710000000,1.21873731037534,1.53149451202143,-1.56819166619367,-1.23897355919778,
15720000000,1.21873731037534,1.53149451202143,-1.56819166619367,-1.23897355919778,
15730000000,1.21873731037534,1.53149451202143,-1.56819166619367,-1.23897355919778,
15740000000,1.21873731037534,1.53149451202143,-1.40358261269573,-1.07436450569984,
15750000000,1.20227640502555,1.51503360667164,-1.40358261269573,-1.07436450569984,
15760000000,1.20227640502555,1.51503360667164,-1.23897355919778,-0.909755452201899,
15770000000,1.20227640502555,1.51503360667164,-1.23897355919778,-0.909755452201899,
15780000000,1.21873731037534,1.53149451202143,-1.07436450569984,-0.745146398703957,
15790000000,1.21873731037534,1.51503360667164,-1.07436450569984,-0.580537345206014,
15800000000,1.23519821572513,1.54795541737123,-0.909755452201899,-0.415928291708072,
15810000000,1.25165912107493,1.56441632272102,-0.745146398703957,-0.415928291708072,
15820000000,1.25165912107493,1.56441632272102,-0.580537345206014,-0.251319238210129,
15830000000,1.25165912107493,1.56441632272102,-0.415928291708072,-0.0867101847121869,
15840000000,1.25165912107493,1.56441632272102,-0.251319238210129,0.0778988687857556,
15850000000,1.25165912107493,1.56441632272102,-0.251319238210129,0.242507922283698,
15860000000,1.25165912107493,1.56441632272102,-0.0867101847121869,0.40711697578164,
15870000000,1.23519821572513,1.56441632272102,0.0778988687857556,0.40711697578164,
15880000000,1.23519821572513,1.54795541737123,0.242507922283698,0.571726029279583,
15890000000,1.23519821572513,1.54795541737123,0.40711697578164,0.736335082777525,
15900000000,1.23519821572513,1.54795541737123,0.571726029279583,0.900944136275467,
15910000000,1.23519821572513,1.54795541737123,0.736335082777525,1.06555318977341,
15920000000,1.23519821572513,1.54795541737123,0.736335082777525,1.06555318977341,
15930000000,1.23519821572513,1.54795541737123,0.900944136275467,1.23016224327135,
15940000000,1.23519821572513,1.54795541737123,1.06555318977341,1.23016224327135,
15950000000,1.25165912107493,1.56441632272102,1.06555318977341,1.39477129676929,
15960000000,1.26812002642472,1.58087722807081,1.23016224327135,1.39477129676929,
15970000000,1.26812002642472,1.58087722807081,1.23016224327135,1.55938035026724,
15980000000,1.28458093177452,1.59733813342061,1.23016224327135,1.55938035026724,
15990000000,1.30104183712431,1.59733813342061,1.23016224327135,1.55938035026724,
16000000000,1.28458093177452,1.59733813342061,1.39477129676929,1.55938035026724,
16010000000,1.30104183712431,1.6137990387704,1.39477129676929,1.55938035026724,
16020000000,1.30104183712431,1.6302599441202,1.39477129676929,1.55938035026724,
16030000000,1.3339636478239,1.64672084946999,1.23016224327135,1.55938035026724,
16040000000,1.3339636478239,1.6302599441202,1.23016224327135,1.55938035026724,
16050000000,1.3339636478239,1.64672084946999,1.23016224327135,1.55938035026724,
16060000000,1.3339636478239,1.64672084946999,1.06555318977341,1.39477129676929,
16070000000,1.3339636478239,1.64672084946999,1.06555318977341,1.39477129676929,
16080000000,1.3339636478239,1.6302599441202,0.900944136275467,1.23016224327135,
16090000000,1.3339636478239,1.6302599441202,0.900944136275467,1.23016224327135,
16100000000,1.31750274247411,1.6302599441202,0.736335082777525,1.06555318977341,
16110000000,1.31750274247411,1.6302599441202,0.571726029279583,0.900944136275467,
16120000000,1.31750274247411,1.6137990387704,0.40711697578164,0.900944136275467,
16130000000,1.30104183712431,1.6137990387704,0.40711697578164,0.736335082777525,
16140000000,1.30104183712431,1.6137990387704,0.242507922283698,0.571726029279583,
16150000000,1.30104183712431,1.6137990387704,0.0778988687857556,0.40711697578164,
16160000000,1.30104183712431,1.59733813342061,-0.0867101847121869,0.242507922283698,
16170000000,1.30104183712431,1.59733813342061,-0.251319238210129,0.242507922283698,
16180000000,1.28458093177452,1.59733813342061,-0.415928291708072,0.0778988687857556,
16190000000,1.28458093177452,1.59733813342061,-0.580537345206014,-0.0867101847121869,
16200000000,1.28458093177452,1.59733813342061,-0.580537345206014,-0.251319238210129,
16210000000,1.26812002642472,1.58087722807081,-0.745146398703957,-0.415928291708072,
16220000000,1.26812002642472,1.58087722807081,-0.909755452201899,-0.580537345206014,
16230000000,1.26812002642472,1.58087722807081,-1.07436450569984,-0.745146398703957,
16240000000,1.26812002642472,1.58087722807081,-1.23897355919778,-0.745146398703957,
16250000000,1.26812002642472,1.58087722807081,-1.23897355919778,-0.909755452201899,
16260000000,1.26812002642472,1.56441632272102,-1.40358261269573,-0.909755452201899,
16270000000,1.25165912107493,1.56441632272102,-1.40358261269573,-1.07436450569984,
16280000000,1.25165912107493,1.56441632272102,-1.40358261269573,-1.07436450569984,
16290000000,1.25165912107493,1.56441632272102,-1.56819166619367,-1.23897355919778,
16300000000,1.23519821572513,1.56441632272102,-1.56819166619367,-1.23897355919778,
16310000000,1.23519821572513,1.54795541737123,-1.56819166619367,-1.23897355919778,
16320000000,1.23519821572513,1.54795541737123,-1.56819166619367,-1.40358261269573,
16330000000,1.23519821572513,1.54795541737123,-1.56819166619367,-1.40358261269573,
16340000000,1.23519821572513,1.54795541737123,-1.56819166619367,-1.23897355919778,
16350000000,1.21873731037534,1.53149451202143,-1.56819166619367,-1.23897355919778,
16360000000,1.21873731037534,1.53149451202143,-1.56819166619367,-1.23897355919778,
16370000000,1.21873731037534,1.53149451202143,-1.56819166619367,-1.23897355919778,
16380000000,1.21873731037534,1.53149451202143,-1.40358261269573,-1.07436450569984,
16390000000,1.21873731037534,1.51503360667164,-1.40358261269573,-1.07436450569984,
16400000000,1.20227640502555,1.51503360667164,-1.23897355919778,-0.909755452201899,
16410000000,1.20227640502555,1.51503360667164,-1.23897355919778,-0.909755452201899,
16420000000,1.20227640502555,1.51503360667164,-1.07436450569984,-0.745146398703957,
16430000000,1.20227640502555,1.51503360667164,-1.07436450569984,-0.580537345206014,
16440000000,1.20227640502555,1.51503360667164,-0.909755452201899,-0.415928291708072,
16450000000,1.23519821572513,1.54795541737123,-0.745146398703957,-0.415928291708072,
16460000000,1.25165912107493,1.56441632272102,-0.580537345206014,-0.251319238210129,
16470000000,1.25165912107493,1.56441632272102,-0.415928291708072,-0.0867101847121869,
16480000000,1.25165912107493,1.56441632272102,-0.251319238210129,0.0778988687857556,
16490000000,1.25165912107493,1.56441632272102,-0.251319238210129,0.242507922283698,
16500000000,1.25165912107493,1.56441632272102,-0.0867101847121869,0.40711697578164,
16510000000,1.25165912107493,1.56441632272102,0.0778988687857556,0.40711697578164,
16520000000,1.25165912107493,1.56441632272102,0.242507922283698,0.571726029279583,
16530000000,1.25165912107493,1.56441632272102,0.40711697578164,0.736335082777525,
16540000000,1.25165912107493,1.56441632272102,0.571726029279583,0.900944136275467,
16550000000,1.23519821572513,1.54795541737123,0.571726029279583,1.06555318977341,
16560000000,1.23519821572513,1.54795541737123,0.736335082777525,1.06555318977341,
16570000000,1.23519821572513,1.54795541737123,0.900944136275467,1.23016224327135,
16580000000,1.23519821572513,1.56441632272102,0.900944136275467,1.23016224327135,
16590000000,1.23519821572513,1.54795541737123,1.06555318977341,1.39477129676929,
16600000000,1.23519821572513,1.56441632272102,1.06555318977341,1.39477129676929,
16610000000,1.25165912107493,1.56441632272102,1.23016224327135,1.55938035026724,
16620000000,1.25165912107493,1.56441632272102,1.23016224327135,1.55938035026724,
16630000000,1.28458093177452,1.59733813342061,1.23016224327135,1.55938035026724,
16640000000,1.30104183712431,1.6137990387704,1.39477129676929,1.55938035026724,
16650000000,1.30104183712431,1.6137990387704,1.39477129676929,1.55938035026724,
16660000000,1.3339636478239,1.64672084946999,1.39477129676929,1.55938035026724,
16670000000,1.3339636478239,1.64672084946999,1.23016224327135,1.55938035026724,
16680000000,1.3339636478239,1.64672084946999,1.23016224327135,1.55938035026724,
16690000000,1.3339636478239,1.64672084946999,1.23016224327135,1.55938035026724,
16700000000,1.3339636478239,1.64672084946999,1.23016224327135,1.39477129676929,
16710000000,1.3339636478239,1.64672084946999,1.06555318977341,1.39477129676929,
16720000000,1.3339636478239,1.64672084946999,0.900944136275467,1.23016224327135,
16730000000,1.3339636478239,1.64672084946999,0.900944136275467,1.23016224327135,
16740000000,1.31750274247411,1.6302599441202,0.736335082777525,1.06555318977341,
16750000000,1.31750274247411,1.6302599441202,0.571726029279583,0.900944136275467,
16760000000,1.31750274247411,1.6137990387704,0.571726029279583,0.900944136275467,
16770000000,1.31750274247411,1.6137990387704,0.40711697578164,0.736335082777525,
16780000000,1.30104183712431,1.6137990387704,0.242507922283698,0.571726029279583,
16790000000,1.30104183712431,1.6137990387704,0.0778988687857556,0.40711697578164,
16800000000,1.30104183712431,1.6137990387704,-0.0867101847121869,0.40711697578164,
16810000000,1.28458093177452,1.59733813342061,-0.251319238210129,0.242507922283698,
16820000000,1.28458093177452,1.59733813342061,-0.415928291708072,0.0778988687857556,
16830000000,1.28458093177452,1.59733813342061,-0.580537345206014,-0.0867101847121869,
16840000000,1.28458093177452,1.59733813342061,-0.580537345206014,-0.251319238210129,
16850000000,1.28458093177452,1.59733813342061,-0.745146398703957,-0.415928291708072,
16860000000,1.26812002642472,1.58087722807081,-0.909755452201899,-0.580537345206014,
16870000000,1.26812002642472,1.58087722807081,-1.07436450569984,-0.580537345206014,
16880000000,1.26812002642472,1.58087722807081,-1.07436450569984,-0.745146398703957,
16890000000,1.26812002642472,1.56441632272102,-1.23897355919778,-0.909755452201899,
16900000000,1.26812002642472,1.58087722807081,-1.40358261269573,-0.909755452201899,
16910000000,1.25165912107493,1.56441632272102,-1.40358261269573,-1.07436450569984,
16920000000,1.25165912107493,1.56441632272102,-1.40358261269573,-1.07436450569984,
16930000000,1.25165912107493,1.56441632272102,-1.56819166619367,-1.23897355919778,
16940000000,1.25165912107493,1.54795541737123,-1.56819166619367,-1.23897355919778,
16950000000,1.25165912107493,1.56441632272102,-1.56819166619367,-1.23897355919778,
16960000000,1.23519821572513,1.54795541737123,-1.56819166619367,-1.23897355919778,
16970000000,1.25165912107493,1.54795541737123,-1.56819166619367,-1.40358261269573,
16980000000,1.23519821572513,1.54795541737123,-1.56819166619367,-1.23897355919778,
16990000000,1.23519821572513,1.53149451202143,-1.56819166619367,-1.23897355919778,
17000000000,1.23519821572513,1.53149451202143,-1.56819166619367,-1.23897355919778,
17010000000,1.21873731037534,1.53149451202143,-1.56819166619367,-1.23897355919778,
17020000000,1.21873731037534,1.53149451202143,-1.40358261269573,-1.07436450569984,
17030000000,1.21873731037534,1.53149451202143,-1.40358261269573,-1.07436450569984,
17040000000,1.21873731037534,1.51503360667164,-1.40358261269573,-0.909755452201899,
17050000000,1.21873731037534,1.51503360667164,-1.23897355919778,-0.909755452201899,
17060000000,1.21873731037534,1.53149451202143,-1.07436450569984,-0.745146398703957,
17070000000,1.21873731037534,1.53149451202143,-1.07436450569984,-0.580537345206014,
17080000000,1.21873731037534,1.54795541737123,-0.909755452201899,-0.580537345206014,
17090000000,1.25165912107493,1.56441632272102,-0.745146398703957,-0.415928291708072,
17100000000,1.25165912107493,1.56441632272102,-0.580537345206014,-0.251319238210129,
17110000000,1.25165912107493,1.56441632272102,-0.415928291708072,-0.0867101847121869,
17120000000,1.25165912107493,1.56441632272102,-0.415928291708072,0.0778988687857556,
17130000000,1.23519821572513,1.56441632272102,-0.251319238210129,0.242507922283698,
17140000000,1.23519821572513,1.54795541737123,-0.0867101847121869,0.40711697578164,
17150000000,1.23519821572513,1.56441632272102,0.0778988687857556,0.40711697578164,
17160000000,1.23519821572513,1.54795541737123,0.242507922283698,0.571726029279583,
17170000000,1.23519821572513,1.54795541737123,0.40711697578164,0.736335082777525,
17180000000,1.23519821572513,1.54795541737123,0.571726029279583,0.900944136275467,
17190000000,1.23519821572513,1.54795541737123,0.571726029279583,1.06555318977341,
17200000000,1.23519821572513,1.54795541737123,0.736335082777525,1.06555318977341,
17210000000,1.25165912107493,1.56441632272102,0.900944136275467,1.23016224327135,
17220000000,1.25165912107493,1.56441632272102,0.900944136275467,1.23016224327135,
17230000000,1.25165912107493,1.56441632272102,1.06555318977341,1.39477129676929,
17240000000,1.26812002642472,1.58087722807081,1.06555318977341,1.39477129676929,
17250000000,1.26812002642472,1.58087722807081,1.23016224327135,1.55938035026724,
17260000000,1.26812002642472,1.58087722807081,1.23016224327135,1.55938035026724,
17270000000,1.26812002642472,1.58087722807081,1.23016224327135,1.55938035026724,
17280000000,1.28458093177452,1.59733813342061,1.23016224327135,1.55938035026724,
17290000000,1.30104183712431,1.6137990387704,1.39477129676929,1.55938035026724,
17300000000,1.31750274247411,1.6137990387704,1.39477129676929,1.55938035026724,
17310000000,1.30104183712431,1.6137990387704,1.23016224327135,1.55938035026724,
17320000000,1.31750274247411,1.6302599441202,1.23016224327135,1.55938035026724,
17330000000,1.3339636478239,1.64672084946999,1.23016224327135,1.55938035026724,
17340000000,1.3339636478239,1.64672084946999,1.06555318977341,1.39477129676929,
17350000000,1.3339636478239,1.64672084946999,1.06555318977341,1.39477129676929,
17360000000,1.31750274247411,1.6302599441202,0.900944136275467,1.39477129676929,
17370000000,1.3339636478239,1.64672084946999,0.900944136275467,1.23016224327135,
17380000000,1.31750274247411,1.6302599441202,0.736335082777525,1.06555318977341,
17390000000,1.31750274247411,1.6137990387704,0.571726029279583,1.06555318977341,
17400000000,1.31750274247411,1.6137990387704,0.571726029279583,0.900944136275467,
17410000000,1.30104183712431,1.6137990387704,0.40711697578164,0.736335082777525,
17420000000,1.30104183712431,1.6137990387704,0.242507922283698,0.571726029279583,
17430000000,1.30104183712431,1.59733813342061,0.0778988687857556,0.40711697578164,
17440000000,1.30104183712431,1.59733813342061,-0.0867101847121869,0.40711697578164,
17450000000,1.28458093177452,1.59733813342061,-0.251319238210129,0.242507922283698,
17460000000,1.28458093177452,1.59733813342061,-0.415928291708072,0.0778988687857556,
17470000000,1.28458093177452,1.59733813342061,-0.415928291708072,-0.0867101847121869,
17480000000,1.28458093177452,1.59733813342061,-0.580537345206014,-0.251319238210129,
17490000000,1.26812002642472,1.58087722807081,-0.745146398703957,-0.415928291708072,
17500000000,1.26812002642472,1.59733813342061,-0.909755452201899,-0.580537345206014,
17510000000,1.26812002642472,1.58087722807081,-1.07436450569984,-0.580537345206014,
17520000000,1.26812002642472,1.58087722807081,-1.07436450569984,-0.745146398703957,
17530000000,1.26812002642472,1.56441632272102,-1.23897355919778,-0.909755452201899,
17540000000,1.25165912107493,1.56441632272102,-1.40358261269573,-0.909755452201899,
17550000000,1.25165912107493,1.56441632272102,-1.40358261269573,-1.07436450569984,
17560000000,1.25165912107493,1.56441632272102,-1.40358261269573,-1.07436450569984,
17570000000,1.25165912107493,1.54795541737123,-1.56819166619367,-1.23897355919778,
17580000000,1.23519821572513,1.56441632272102,-1.56819166619367,-1.23897355919778,
17590000000,1.23519821572513,1.54795541737123,-1.56819166619367,-1.23897355919778,
17600000000,1.23519821572513,1.54795541737123,-1.56819166619367,-1.23897355919778,
17610000000,1.23519821572513,1.54795541737123,-1.56819166619367,-1.40358261269573,
17620000000,1.23519821572513,1.53149451202143,-1.56819166619367,-1.23897355919778,
17630000000,1.21873731037534,1.53149451202143,-1.56819166619367,-1.23897355919778,
17640000000,1.21873731037534,1.53149451202143,-1.56819166619367,-1.23897355919778,
17650000000,1.21873731037534,1.53149451202143,-1.56819166619367,-1.23897355919778,
17660000000,1.21873731037534,1.53149451202143,-1.40358261269573,-1.07436450569984,
17670000000,1.21873731037534,1.51503360667164,-1.40358261269573,-1.07436450569984,
17680000000,1.20227640502555,1.51503360667164,-1.40358261269573,-0.909755452201899,
17690000000,1.20227640502555,1.51503360667164,-1.23897355919778,-0.909755452201899,
17700000000,1.20227640502555,1.51503360667164,-1.07436450569984,-0.745146398703957,
17710000000,1.21873731037534,1.53149451202143,-1.07436450569984,-0.580537345206014,
17720000000,1.21873731037534,1.51503360667164,-0.909755452201899,-0.580537345206014,
17730000000,1.23519821572513,1.54795541737123,-0.745146398703957,-0.415928291708072,
17740000000,1.25165912107493,1.56441632272102,-0.580537345206014,-0.251319238210129,
17750000000,1.25165912107493,1.56441632272102,-0.580537345206014,-0.0867101847121869,
17760000000,1.25165912107493,1.56441632272102,-0.415928291708072,0.0778988687857556,
17770000000,1.25165912107493,1.56441632272102,-0.251319238210129,0.242507922283698,
17780000000,1.25165912107493,1.56441632272102,-0.0867101847121869,0.40711697578164,
17790000000,1.23519821572513,1.54795541737123,0.0778988687857556,0.40711697578164,
17800000000,1.25165912107493,1.56441632272102,0.242507922283698,0.571726029279583,
17810000000,1.23519821572513,1.56441632272102,0.40711697578164,0.736335082777525,
17820000000,1.23519821572513,1.54795541737123,0.571726029279583,0.900944136275467,
17830000000,1.23519821572513,1.54795541737123,0.571726029279583,0.900944136275467,
17840000000,1.23519821572513,1.54795541737123,0.736335082777525,1.06555318977341,
17850000000,1.23519821572513,1.54795541737123,0.900944136275467,1.23016224327135,
17860000000,1.23519821572513,1.54795541737123,0.900944136275467,1.23016224327135,
17870000000,1.21873731037534,1.54795541737123,1.06555318977341,1.39477129676929,
17880000000,1.25165912107493,1.56441632272102,1.06555318977341,1.39477129676929,
17890000000,1.26812002642472,1.58087722807081,1.23016224327135,1.55938035026724,
17900000000,1.26812002642472,1.58087722807081,1.23016224327135,1.55938035026724,
17910000000,1.28458093177452,1.59733813342061,1.23016224327135,1.55938035026724,
17920000000,1.28458093177452,1.59733813342061,1.39477129676929,1.55938035026724,
17930000000,1.30104183712431,1.6302599441202,1.39477129676929,1.55938035026724,
17940000000,1.31750274247411,1.6302599441202,1.39477129676929,1.55938035026724,
17950000000,1.3339636478239,1.64672084946999,1.23016224327135,1.55938035026724,
17960000000,1.3339636478239,1.64672084946999,1.23016224327135,1.55938035026724,
17970000000,1.3339636478239,1.64672084946999,1.23016224327135,1.55938035026724,
17980000000,1.3339636478239,1.64672084946999,1.06555318977341,1.39477129676929,
17990000000,1.3339636478239,1.64672084946999,1.06555318977341,1.39477129676929,
18000000000,1.3339636478239,1.64672084946999,0.900944136275467,1.39477129676929,
18010000000,1.31750274247411,1.6302599441202,0.900944136275467,1.23016224327135,
18020000000,1.3339636478239,1.6302599441202,0.736335082777525,1.06555318977341,
18030000000,1.31750274247411,1.6302599441202,0.736335082777525,1.06555318977341,
18040000000,1.31750274247411,1.6137990387704,0.571726029279583,0.900944136275467,
18050000000,1.31750274247411,1.6137990387704,0.40711697578164,0.736335082777525,
18060000000,1.30104183712431,1.6137990387704,0.242507922283698,0.571726029279583,
18070000000,1.30104183712431,1.59733813342061,0.0778988687857556,0.571726029279583,
18080000000,1.30104183712431,1.6137990387704,-0.0867101847121869,0.40711697578164,
18090000000,1.30104183712431,1.59733813342061,-0.0867101847121869,0.242507922283698,
18100000000,1.28458093177452,1.59733813342061,-0.251319238210129,0.0778988687857556,
18110000000,1.28458093177452,1.59733813342061,-0.415928291708072,-0.0867101847121869,
18120000000,1.28458093177452,1.58087722807081,-0.580537345206014,-0.251319238210129,
18130000000,1.28458093177452,1.59733813342061,-0.745146398703957,-0.415928291708072,
18140000000,1.26812002642472,1.58087722807081,-0.909755452201899,-0.415928291708072,
18150000000,1.26812002642472,1.58087722807081,-1.07436450569984,-0.580537345206014,
18160000000,1.26812002642472,1.58087722807081,-1.07436450569984,-0.745146398703957,
18170000000,1.26812002642472,1.56441632272102,-1.23897355919778,-0.909755452201899,
18180000000,1.26812002642472,1.58087722807081,-1.23897355919778,-0.909755452201899,
18190000000,1.25165912107493,1.56441632272102,-1.40358261269573,-1.07436450569984,
18200000000,1.25165912107493,1.56441632272102,-1.40358261269573,-1.07436450569984,
18210000000,1.25165912107493,1.56441632272102,-1.56819166619367,-1.23897355919778,
18220000000,1.25165912107493,1.56441632272102,-1.56819166619367,-1.23897355919778,
18230000000,1.25165912107493,1.56441632272102,-1.56819166619367,-1.23897355919778,
18240000000,1.23519821572513,1.54795541737123,-1.56819166619367,-1.23897355919778,
18250000000,1.23519821572513,1.54795541737123,-1.56819166619367,-1.40358261269573,
18260000000,1.23519821572513,1.54795541737123,-1.56819166619367,-1.23897355919778,
18270000000,1.23519821572513,1.54795541737123,-1.56819166619367,-1.23897355919778,
18280000000,1.21873731037534,1.54795541737123,-1.56819166619367,-1.23897355919778,
18290000000,1.21873731037534,1.53149451202143,-1.56819166619367,-1.23897355919778,
18300000000,1.21873731037534,1.53149451202143,-1.56819166619367,-1.07436450569984,
18310000000,1.21873731037534,1.53149451202143,-1.40358261269573,-1.07436450569984,
18320000000,1.21873731037534,1.51503360667164,-1.40358261269573,-0.909755452201899,
18330000000,1.21873731037534,1.51503360667164,-1.23897355919778,-0.909755452201899,
18340000000,1.20227640502555,1.51503360667164,-1.23897355919778,-0.745146398703957,
18350000000,1.20227640502555,1.51503360667164,-1.07436450569984,-0.580537345206014,
18360000000,1.21873731037534,1.53149451202143,-0.909755452201899,-0.580537345206014,
18370000000,1.21873731037534,1.54795541737123,-0.745146398703957,-0.415928291708072,
18380000000,1.23519821572513,1.54795541737123,-0.745146398703957,-0.251319238210129,
18390000000,1.23519821572513,1.54795541737123,-0.580537345206014,-0.0867101847121869,
18400000000,1.23519821572513,1.54795541737123,-0.415928291708072,0.0778988687857556,
18410000000,1.23519821572513,1.54795541737123,-0.251319238210129,0.0778988687857556,
18420000000,1.23519821572513,1.54795541737123,-0.0867101847121869,0.242507922283698,
18430000000,1.23519821572513,1.54795541737123,0.0778988687857556,0.40711697578164,
18440000000,1.23519821572513,1.54795541737123,0.242507922283698,0.571726029279583,
18450000000,1.23519821572513,1.54795541737123,0.40711697578164,0.736335082777525,
18460000000,1.23519821572513,1.54795541737123,0.40711697578164,0.900944136275467,
18470000000,1.23519821572513,1.54795541737123,0.571726029279583,0.900944136275467,
18480000000,1.23519821572513,1.54795541737123,0.736335082777525,1.06555318977341,
18490000000,1.25165912107493,1.56441632272102,0.900944136275467,1.23016224327135,
18500000000,1.25165912107493,1.56441632272102,0.900944136275467,1.23016224327135,
18510000000,1.26812002642472,1.58087722807081,1.06555318977341,1.39477129676929,
18520000000,1.26812002642472,1.58087722807081,1.06555318977341,1.39477129676929,
18530000000,1.26812002642472,1.58087722807081,1.23016224327135,1.55938035026724,
18540000000,1.28458093177452,1.59733813342061,1.23016224327135,1.55938035026724,
18550000000,1.28458093177452,1.6137990387704,1.23016224327135,1.55938035026724,
18560000000,1.28458093177452,1.6137990387704,1.23016224327135,1.55938035026724,
18570000000,1.30104183712431,1.6137990387704,1.39477129676929,1.55938035026724,
18580000000,1.31750274247411,1.6137990387704,1.39477129676929,1.55938035026724,
18590000000,1.3339636478239,1.6302599441202,1.23016224327135,1.55938035026724,
18600000000,1.3339636478239,1.6302599441202,1.23016224327135,1.55938035026724,
18610000000,1.3339636478239,1.64672084946999,1.23016224327135,1.55938035026724,
18620000000,1.3339636478239,1.64672084946999,1.23016224327135,1.39477129676929,
18630000000,1.3339636478239,1.64672084946999,1.06555318977341,1.39477129676929,
18640000000,1.31750274247411,1.6302599441202,1.06555318977341,1.39477129676929,
18650000000,1.31750274247411,1.6302599441202,0.900944136275467,1.23016224327135,
18660000000,1.31750274247411,1.64672084946999,0.736335082777525,1.06555318977341,
18670000000,1.31750274247411,1.6137990387704,0.571726029279583,1.06555318977341,
18680000000,1.31750274247411,1.6302599441202,0.571726029279583,0.900944136275467,
18690000000,1.30104183712431,1.6137990387704,0.40711697578164,0.736335082777525,
18700000000,1.30104183712431,1.6137990387704,0.242507922283698,0.571726029279583,
18710000000,1.30104183712431,1.6137990387704,0.0778988687857556,0.571726029279583,
18720000000,1.30104183712431,1.59733813342061,-0.0867101847121869,0.40711697578164,
18730000000,1.28458093177452,1.59733813342061,-0.0867101847121869,0.242507922283698,
18740000000,1.28458093177452,1.59733813342061,-0.251319238210129,0.0778988687857556,
18750000000,1.28458093177452,1.59733813342061,-0.415928291708072,-0.0867101847121869,
18760000000,1.28458093177452,1.59733813342061,-0.580537345206014,-0.251319238210129,
18770000000,1.28458093177452,1.58087722807081,-0.745146398703957,-0.415928291708072,
18780000000,1.26812002642472,1.58087722807081,-0.909755452201899,-0.415928291708072,
18790000000,1.26812002642472,1.58087722807081,-1.07436450569984,-0.580537345206014,
18800000000,1.26812002642472,1.56441632272102,-1.07436450569984,-0.745146398703957,
18810000000,1.26812002642472,1.56441632272102,-1.23897355919778,-0.909755452201899,
18820000000,1.25165912107493,1.56441632272102,-1.23897355919778,-0.909755452201899,
18830000000,1.25165912107493,1.56441632272102,-1.40358261269573,-1.07436450569984,
18840000000,1.25165912107493,1.56441632272102,-1.40358261269573,-1.07436450569984,
18850000000,1.25165912107493,1.56441632272102,-1.56819166619367,-1.23897355919778,
18860000000,1.25165912107493,1.56441632272102,-1.56819166619367,-1.23897355919778,
18870000000,1.23519821572513,1.54795541737123,-1.56819166619367,-1.23897355919778,
18880000000,1.23519821572513,1.54795541737123,-1.56819166619367,-1.23897355919778,
18890000000,1.23519821572513,1.54795541737123,-1.56819166619367,-1.40358261269573,
18900000000,1.23519821572513,1.54795541737123,-1.56819166619367,-1.23897355919778,
18910000000,1.23519821572513,1.53149451202143,-1.56819166619367,-1.23897355919778,
18920000000,1.21873731037534,1.53149451202143,-1.56819166619367,-1.23897355919778,
18930000000,1.21873731037534,1.53149451202143,-1.56819166619367,-1.23897355919778,
18940000000,1.21873731037534,1.53149451202143,-1.56819166619367,-1.07436450569984,
18950000000,1.21873731037534,1.53149451202143,-1.40358261269573,-1.07436450569984,
18960000000,1.20227640502555,1.53149451202143,-1.40358261269573,-1.07436450569984,
18970000000,1.20227640502555,1.51503360667164,-1.23897355919778,-0.909755452201899,
18980000000,1.20227640502555,1.51503360667164,-1.23897355919778,-0.745146398703957,
18990000000,1.21873731037534,1.53149451202143,-1.07436450569984,-0.580537345206014,
19000000000,1.21873731037534,1.51503360667164,-0.909755452201899,-0.580537345206014,
19010000000,1.23519821572513,1.54795541737123,-0.745146398703957,-0.415928291708072,
19020000000,1.25165912107493,1.56441632272102,-0.745146398703957,-0.251319238210129,
19030000000,1.25165912107493,1.56441632272102,-0.580537345206014,-0.0867101847121869,
19040000000,1.25165912107493,1.56441632272102,-0.415928291708072,0.0778988687857556,
19050000000,1.25165912107493,1.56441632272102,-0.251319238210129,0.0778988687857556,
19060000000,1.25165912107493,1.56441632272102,-0.0867101847121869,0.242507922283698,
19070000000,1.25165912107493,1.56441632272102,0.0778988687857556,0.40711697578164,
19080000000,1.25165912107493,1.56441632272102,0.242507922283698,0.571726029279583,
19090000000,1.25165912107493,1.56441632272102,0.40711697578164,0.736335082777525,
19100000000,1.25165912107493,1.54795541737123,0.40711697578164,0.900944136275467,
19110000000,1.23519821572513,1.56441632272102,0.571726029279583,0.900944136275467,
19120000000,1.23519821572513,1.54795541737123,0.736335082777525,1.06555318977341,
19130000000,1.23519821572513,1.54795541737123,0.900944136275467,1.23016224327135,
19140000000,1.23519821572513,1.54795541737123,0.900944136275467,1.23016224327135,
19150000000,1.23519821572513,1.54795541737123,1.06555318977341,1.39477129676929,
19160000000,1.23519821572513,1.54795541737123,1.06555318977341,1.39477129676929,
19170000000,1.25165912107493,1.56441632272102,1.23016224327135,1.55938035026724,
19180000000,1.25165912107493,1.56441632272102,1.23016224327135,1.55938035026724,
19190000000,1.26812002642472,1.58087722807081,1.23016224327135,1.55938035026724,
19200000000,1.26812002642472,1.58087722807081,1.39477129676929,1.55938035026724,
19210000000,1.28458093177452,1.59733813342061,1.39477129676929,1.55938035026724,
19220000000,1.30104183712431,1.6137990387704,1.39477129676929,1.55938035026724,
19230000000,1.31750274247411,1.6137990387704,1.23016224327135,1.55938035026724,
19240000000,1.31750274247411,1.64672084946999,1.23016224327135,1.55938035026724,
19250000000,1.3339636478239,1.6302599441202,1.23016224327135,1.55938035026724,
19260000000,1.3339636478239,1.64672084946999,1.06555318977341,1.55938035026724,
19270000000,1.31750274247411,1.6302599441202,1.06555318977341,1.39477129676929,
19280000000,1.31750274247411,1.6302599441202,1.06555318977341,1.39477129676929,
19290000000,1.31750274247411,1.6302599441202,0.900944136275467,1.23016224327135,
19300000000,1.31750274247411,1.6302599441202,0.736335082777525,1.23016224327135,
19310000000,1.31750274247411,1.6302599441202,0.736335082777525,1.06555318977341,
19320000000,1.30104183712431,1.6137990387704,0.571726029279583,0.900944136275467,
19330000000,1.30104183712431,1.6137990387704,0.40711697578164,0.736335082777525,
19340000000,1.30104183712431,1.6137990387704,0.242507922283698,0.736335082777525,
19350000000,1.30104183712431,1.59733813342061,0.0778988687857556,0.571726029279583,
19360000000,1.28458093177452,1.59733813342061,0.0778988687857556,0.40711697578164,
19370000000,1.28458093177452,1.59733813342061,-0.0867101847121869,0.242507922283698,
19380000000,1.28458093177452,1.59733813342061,-0.251319238210129,0.0778988687857556,
19390000000,1.28458093177452,1.59733813342061,-0.415928291708072,-0.0867101847121869,
19400000000,1.28458093177452,1.58087722807081,-0.580537345206014,-0.251319238210129,
19410000000,1.26812002642472,1.58087722807081,-0.745146398703957,-0.251319238210129,
19420000000,1.26812002642472,1.58087722807081,-0.909755452201899,-0.415928291708072,
19430000000,1.26812002642472,1.58087722807081,-0.909755452201899,-0.580537345206014,
19440000000,1.26812002642472,1.56441632272102,-1.07436450569984,-0.745146398703957,
19450000000,1.26812002642472,1.58087722807081,-1.23897355919778,-0.745146398703957,
19460000000,1.25165912107493,1.58087722807081,-1.23897355919778,-0.909755452201899,
19470000000,1.25165912107493,1.56441632272102,-1.40358261269573,-1.07436450569984,
19480000000,1.25165912107493,1.56441632272102,-1.40358261269573,-1.07436450569984,
19490000000,1.25165912107493,1.56441632272102,-1.56819166619367,-1.23897355919778,
19500000000,1.25165912107493,1.54795541737123,-1.56819166619367,-1.23897355919778,
19510000000,1.23519821572513,1.54795541737123,-1.56819166619367,-1.23897355919778,
19520000000,1.23519821572513,1.54795541737123,-1.56819166619367,-1.23897355919778,
19530000000,1.23519821572513,1.54795541737123,-1.56819166619367,-1.23897355919778,
19540000000,1.23519821572513,1.53149451202143,-1.56819166619367,-1.23897355919778,
19550000000,1.23519821572513,1.53149451202143,-1.56819166619367,-1.23897355919778,
19560000000,1.21873731037534,1.53149451202143,-1.56819166619367,-1.23897355919778,
19570000000,1.21873731037534,1.53149451202143,-1.56819166619367,-1.23897355919778,
19580000000,1.21873731037534,1.53149451202143,-1.56819166619367,-1.07436450569984,
19590000000,1.20227640502555,1.53149451202143,-1.40358261269573,-1.07436450569984,
19600000000,1.21873731037534,1.51503360667164,-1.40358261269573,-1.07436450569984,
19610000000,1.20227640502555,1.51503360667164,-1.23897355919778,-0.909755452201899,
19620000000,1.20227640502555,1.51503360667164,-1.23897355919778,-0.745146398703957,
19630000000,1.20227640502555,1.51503360667164,-1.07436450569984,-0.745146398703957,
19640000000,1.23519821572513,1.54795541737123,-0.909755452201899,-0.580537345206014,
19650000000,1.23519821572513,1.54795541737123,-0.745146398703957,-0.415928291708072,
19660000000,1.23519821572513,1.54795541737123,-0.745146398703957,-0.251319238210129,
19670000000,1.25165912107493,1.56441632272102,-0.580537345206014,-0.0867101847121869,
19680000000,1.25165912107493,1.56441632272102,-0.415928291708072,0.0778988687857556,
19690000000,1.25165912107493,1.56441632272102,-0.251319238210129,0.0778988687857556,
19700000000,1.25165912107493,1.56441632272102,-0.0867101847121869,0.242507922283698,
19710000000,1.25165912107493,1.56441632272102,0.0778988687857556,0.40711697578164,
19720000000,1.25165912107493,1.56441632272102,0.242507922283698,0.571726029279583,
19730000000,1.25165912107493,1.56441632272102,0.40711697578164,0.736335082777525,
19740000000,1.25165912107493,1.54795541737123,0.40711697578164,0.900944136275467,
19750000000,1.23519821572513,1.54795541737123,0.571726029279583,0.900944136275467,
19760000000,1.23519821572513,1.54795541737123,0.736335082777525,1.06555318977341,
19770000000,1.25165912107493,1.56441632272102,0.900944136275467,1.23016224327135,
19780000000,1.25165912107493,1.56441632272102,0.900944136275467,1.23016224327135,
19790000000,1.25165912107493,1.56441632272102,1.06555318977341,1.39477129676929,
19800000000,1.25165912107493,1.56441632272102,1.06555318977341,1.39477129676929,
19810000000,1.26812002642472,1.58087722807081,1.23016224327135,1.55938035026724,
19820000000,1.26812002642472,1.58087722807081,1.23016224327135,1.55938035026724,
19830000000,1.26812002642472,1.58087722807081,1.23016224327135,1.55938035026724,
19840000000,1.28458093177452,1.59733813342061,1.23016224327135,1.55938035026724,
19850000000,1.30104183712431,1.59733813342061,1.39477129676929,1.55938035026724,
19860000000,1.30104183712431,1.6137990387704,1.39477129676929,1.55938035026724,
19870000000,1.31750274247411,1.6302599441202,1.23016224327135,1.55938035026724,
19880000000,1.30104183712431,1.6137990387704,1.23016224327135,1.55938035026724,
19890000000,1.3339636478239,1.6302599441202,1.23016224327135,1.55938035026724,
19900000000,1.3339636478239,1.6302599441202,1.23016224327135,1.55938035026724,
19910000000,1.3339636478239,1.64672084946999,1.06555318977341,1.39477129676929,
19920000000,1.3339636478239,1.64672084946999,1.06555318977341,1.39477129676929,
19930000000,1.3339636478239,1.6302599441202,0.900944136275467,1.23016224327135,
19940000000,1.31750274247411,1.6302599441202,0.736335082777525,1.23016224327135,
19950000000,1.31750274247411,1.6302599441202,0.736335082777525,1.06555318977341,
19960000000,1.31750274247411,1.6302599441202,0.571726029279583,0.900944136275467,
19970000000,1.30104183712431,1.6137990387704,0.40711697578164,0.900944136275467,
19980000000,1.30104183712431,1.6137990387704,0.242507922283698,0.736335082777525,
19990000000,1.30104183712431,1.6137990387704,0.242507922283698,0.571726029279583,
20000000000,1.30104183712431,1.59733813342061,0.0778988687857556,0.40711697578164,
20010000000,1.28458093177452,1.59733813342061,-0.0867101847121869,0.242507922283698,
20020000000,1.28458093177452,1.59733813342061,-0.251319238210129,0.0778988687857556,
20030000000,1.28458093177452,1.59733813342061,-0.415928291708072,-0.0867101847121869,
20040000000,1.28458093177452,1.59733813342061,-0.580537345206014,-0.251319238210129,
20050000000,1.26812002642472,1.58087722807081,-0.745146398703957,-0.251319238210129,
20060000000,1.26812002642472,1.58087722807081,-0.909755452201899,-0.415928291708072,
20070000000,1.26812002642472,1.58087722807081,-0.909755452201899,-0.580537345206014,
20080000000,1.26812002642472,1.58087722807081,-1.07436450569984,-0.745146398703957,
20090000000,1.26812002642472,1.58087722807081,-1.23897355919778,-0.745146398703957,
20100000000,1.25165912107493,1.56441632272102,-1.23897355919778,-0.909755452201899,
20110000000,1.25165912107493,1.56441632272102,-1.40358261269573,-1.07436450569984,
20120000000,1.25165912107493,1.56441632272102,-1.40358261269573,-1.07436450569984,
20130000000,1.25165912107493,1.56441632272102,-1.56819166619367,-1.23897355919778,
20140000000,1.23519821572513,1.56441632272102,-1.56819166619367,-1.23897355919778,
20150000000,1.25165912107493,1.54795541737123,-1.56819166619367,-1.23897355919778,
20160000000,1.23519821572513,1.54795541737123,-1.56819166619367,-1.23897355919778,
20170000000,1.23519821572513,1.54795541737123,-1.56819166619367,-1.23897355919778,
20180000000,1.23519821572513,1.54795541737123,-1.56819166619367,-1.23897355919778,
20190000000,1.23519821572513,1.53149451202143,-1.56819166619367,-1.23897355919778,
20200000000,1.23519821572513,1.53149451202143,-1.56819166619367,-1.23897355919778,
20210000000,1.21873731037534,1.53149451202143,-1.56819166619367,-1.23897355919778,
20220000000,1.21873731037534,1.53149451202143,-1.56819166619367,-1.23897355919778,
20230000000,1.21873731037534,1.53149451202143,-1.40358261269573,-1.07436450569984,
20240000000,1.20227640502555,1.53149451202143,-1.40358261269573,-1.07436450569984,
20250000000,1.21873731037534,1.51503360667164,-1.23897355919778,-0.909755452201899,
20260000000,1.20227640502555,1.51503360667164,-1.23897355919778,-0.745146398703957,
20270000000,1.21873731037534,1.53149451202143,-1.07436450569984,-0.745146398703957,
20280000000,1.21873731037534,1.53149451202143,-0.909755452201899,-0.580537345206014,
20290000000,1.23519821572513,1.54795541737123,-0.909755452201899,-0.415928291708072,
20300000000,1.25165912107493,1.56441632272102,-0.745146398703957,-0.251319238210129,
20310000000,1.25165912107493,1.56441632272102,-0.580537345206014,-0.251319238210129,
20320000000,1.25165912107493,1.56441632272102,-0.415928291708072,-0.0867101847121869,
20330000000,1.25165912107493,1.56441632272102,-0.251319238210129,0.0778988687857556,
20340000000,1.25165912107493,1.56441632272102,-0.0867101847121869,0.242507922283698,
20350000000,1.25165912107493,1.56441632272102,0.0778988687857556,0.40711697578164,
20360000000,1.25165912107493,1.56441632272102,0.242507922283698,0.571726029279583,
20370000000,1.25165912107493,1.56441632272102,0.242507922283698,0.736335082777525,
20380000000,1.25165912107493,1.56441632272102,0.40711697578164,0.736335082777525,
20390000000,1.25165912107493,1.56441632272102,0.571726029279583,0.900944136275467,
20400000000,1.25165912107493,1.56441632272102,0.736335082777525,1.06555318977341,
20410000000,1.25165912107493,1.56441632272102,0.900944136275467,1.23016224327135,
20420000000,1.25165912107493,1.56441632272102,0.900944136275467,1.23016224327135,
20430000000,1.25165912107493,1.56441632272102,1.06555318977341,1.39477129676929,
20440000000,1.25165912107493,1.56441632272102,1.06555318977341,1.39477129676929,
20450000000,1.26812002642472,1.58087722807081,1.23016224327135,1.55938035026724,
20460000000,1.26812002642472,1.58087722807081,1.23016224327135,1.55938035026724,
20470000000,1.28458093177452,1.59733813342061,1.23016224327135,1.55938035026724,
20480000000,1.30104183712431,1.59733813342061,1.39477129676929,1.55938035026724,
20490000000,1.30104183712431,1.6302599441202,1.39477129676929,1.55938035026724,
20500000000,1.3339636478239,1.6302599441202,1.39477129676929,1.55938035026724,
20510000000,1.3339636478239,1.64672084946999,1.39477129676929,1.55938035026724,
20520000000,1.3339636478239,1.64672084946999,1.23016224327135,1.55938035026724,
20530000000,1.3339636478239,1.64672084946999,1.23016224327135,1.55938035026724,
20540000000,1.35042455317369,1.66318175481979,1.23016224327135,1.55938035026724,
20550000000,1.35042455317369,1.64672084946999,1.06555318977341,1.39477129676929,
20560000000,1.3339636478239,1.66318175481979,1.06555318977341,1.39477129676929,
20570000000,1.3339636478239,1.64672084946999,0.900944136275467,1.23016224327135,
20580000000,1.3339636478239,1.64672084946999,0.900944136275467,1.23016224327135,
20590000000,1.3339636478239,1.64672084946999,0.736335082777525,1.06555318977341,
20600000000,1.3339636478239,1.6302599441202,0.571726029279583,0.900944136275467,
20610000000,1.31750274247411,1.6302599441202,0.40711697578164,0.900944136275467,
20620000000,1.31750274247411,1.6137990387704,0.40711697578164,0.736335082777525,
20630000000,1.31750274247411,1.6137990387704,0.242507922283698,0.571726029279583,
20640000000,1.30104183712431,1.6137990387704,0.0778988687857556,0.40711697578164,
20650000000,1.30104183712431,1.6137990387704,-0.0867101847121869,0.242507922283698,
20660000000,1.30104183712431,1.6137990387704,-0.251319238210129,0.0778988687857556,
20670000000,1.30104183712431,1.59733813342061,-0.415928291708072,-0.0867101847121869,
20680000000,1.30104183712431,1.6137990387704,-0.580537345206014,-0.0867101847121869,
20690000000,1.28458093177452,1.59733813342061,-0.745146398703957,-0.251319238210129,
20700000000,1.28458093177452,1.59733813342061,-0.909755452201899,-0.415928291708072,
20710000000,1.28458093177452,1.59733813342061,-0.909755452201899,-0.580537345206014,
20720000000,1.28458093177452,1.59733813342061,-1.07436450569984,-0.745146398703957,
20730000000,1.28458093177452,1.58087722807081,-1.23897355919778,-0.745146398703957,
20740000000,1.26812002642472,1.58087722807081,-1.23897355919778,-0.909755452201899,
20750000000,1.26812002642472,1.58087722807081,-1.40358261269573,-1.07436450569984,
20760000000,1.26812002642472,1.58087722807081,-1.40358261269573,-1.07436450569984,
20770000000,1.26812002642472,1.56441632272102,-1.56819166619367,-1.23897355919778,
20780000000,1.26812002642472,1.56441632272102,-1.56819166619367,-1.23897355919778,
20790000000,1.25165912107493,1.56441632272102,-1.56819166619367,-1.23897355919778,
20800000000,1.25165912107493,1.56441632272102,-1.56819166619367,-1.23897355919778,
20810000000,1.25165912107493,1.56441632272102,-1.56819166619367,-1.23897355919778,
